3760 8617
1017 548 939721070
1138 249 181773509
1641 2169 31737336
1306 273 91282442
3473 567 378226559
2134 3507 491859012
873 1217 986189163
2740 1659 778878659
1520 1753 489491967
3447 261 406957080
541 3031 523473363
1473 779 252900668
328 1970 219502773
1440 304 555525106
1928 1377 175236870
1389 384 270831576
2250 1419 705309845
2326 2353 665867698
3597 3592 635309478
639 1358 449299183
2906 1455 473415595
2008 1373 767969052
832 2449 890320973
2923 3281 779025352
2951 492 195972923
1182 864 58887374
1600 673 737258500
364 84 685651224
1579 2346 592006281
36 133 73597114
364 741 237358278
1500 3120 425578129
2147 764 519283271
3001 3196 16776980
26 3242 55097702
2284 2641 193228017
3703 429 197106394
265 297 365379756
3474 2819 14866880
1328 2181 995894404
1938 373 368802865
3601 2669 643866117
2043 1128 954785734
230 3604 561512333
1733 2914 130151314
2332 2046 438884477
1613 2446 957785814
1535 919 740701567
1240 3041 634959327
1136 186 245781183
1134 3758 235105235
2311 2351 879643918
2015 658 382496470
1461 2765 62105235
2239 1873 923035972
3336 1655 143957009
89 1146 270036973
2301 1016 423125856
1167 1984 774706892
3126 1801 608091404
2572 2285 855486302
3324 2814 124276978
1734 3657 494360141
1315 1936 90485074
860 2137 243293982
1232 2874 282756380
1018 1890 339477386
1217 224 751324533
3385 419 221788783
3720 2788 31432141
2675 1513 146509366
1969 2751 115181099
3757 606 729080031
1996 421 138193018
3426 2966 433466772
502 1703 7512909
3691 1412 749302452
1140 2393 395625808
1969 2632 859638522
2457 3065 102028148
30 2661 513275701
1262 2473 298726360
2604 3756 216749567
3755 1992 665582299
2372 1357 680626854
267 21 509743962
705 1256 241680072
827 1489 519545614
249 1709 777098294
1081 961 630796034
916 40 478452744
3218 3383 912221857
2832 2902 530994
3084 2126 9639099
2082 2129 995920573
10 1517 165835089
1668 794 987829067
829 3238 580534211
593 477 312128672
2831 2088 907344927
3188 1287 616168575
2245 576 944762317
2025 2881 381451788
315 2069 639366806
3695 308 246369301
1739 161 914837994
330 527 924139478
899 1175 819107627
2291 2013 581958270
3193 868 483879819
2196 2026 593356997
1475 2865 581748420
3076 2313 760667318
1892 1754 547574568
909 2778 804072603
868 2217 933701745
2935 1683 794284705
3524 3724 632090410
1389 1033 873198687
2622 3044 777261176
1127 2839 522158328
3753 324 19688338
750 3511 720565232
2562 569 909331275
2872 19 368756701
1178 1539 708471914
2719 1030 156423396
3324 869 244349255
1119 1924 372375399
3460 889 68166791
487 2716 480780301
1127 202 734944039
2320 861 207104096
1056 716 2529409
1513 637 829232155
3292 1295 195119321
841 928 814376852
1582 648 724315936
717 677 902411199
420 374 409035694
3600 1817 886832915
2699 1120 562099740
133 3619 913123340
261 3381 22050246
556 1739 985183912
3587 3265 183911481
2700 2207 966744466
2658 1535 909284637
2908 2284 167769495
2298 1057 267573515
3474 1317 135451584
699 947 190975808
1464 3431 820582972
2270 1599 624528877
3307 2463 51929239
1354 2854 291496799
3227 2885 712110827
229 2703 600198195
371 586 905112833
2443 1536 581013031
2082 2998 137851873
373 3703 350290621
703 2027 722949060
334 1623 985833510
1892 2657 829485387
2622 2910 718117062
1515 156 677199701
2898 2462 599707684
2171 2651 525541268
1617 173 727867835
2143 382 335402029
545 2951 130810302
2690 808 621192392
3566 2196 845849376
2566 908 861945030
1965 630 400570632
3737 832 807500121
3473 134 391576094
280 3218 176915850
607 762 503999771
1413 3504 714066078
1136 2421 185470466
2857 2951 171370043
2591 1721 855826799
2345 2824 506590319
1867 2715 812113033
1954 434 435079364
66 2725 715538839
1467 1582 303470541
1040 1311 674901410
420 276 824014497
2839 1055 854839216
3586 1533 777717807
42 2414 666337041
3601 1081 768105226
3259 560 608658345
1716 2880 997333122
3150 2021 969071081
3053 2607 47746214
262 1806 599929941
2135 1995 852888182
56 29 228241774
890 178 378846569
1864 384 681711491
809 1230 33176369
1754 427 517626012
1776 2796 571865495
181 3596 920843165
3275 1916 716715692
86 485 860960664
1322 2472 636590834
2429 426 180353895
2091 2399 539255105
2781 3089 557182794
300 728 692023412
480 1350 205765125
2180 1013 16079620
902 2944 160958674
114 1361 852863406
3541 2252 505541787
1600 3070 778339665
268 1505 38298334
2123 1818 808243594
2670 648 806372656
201 3713 590873869
2192 3111 961248621
2757 636 608670700
913 875 786763126
2565 2857 785450073
651 1482 932438257
3068 1263 119198899
1319 1043 951210658
2412 3213 576262143
1140 1349 871167407
1528 90 503654438
1649 3646 261946276
1146 3624 822432292
243 3005 35398345
699 58 716149918
1531 1009 233454671
3371 22 383022446
2682 1193 755940237
1306 1971 764174848
469 1530 315590630
1141 1844 402933587
2153 2117 860558714
847 1056 303022188
2873 691 231888531
1697 2815 158753883
474 3691 392103321
2086 1952 41040143
285 334 201882287
1555 381 775430992
2353 2757 943582683
2925 956 170417414
399 1862 575808815
302 74 737466861
3698 3485 360796661
2655 1753 699226948
949 2698 819508813
524 1024 271742819
678 2243 206328825
2692 1528 664317714
2244 2749 362880416
3479 268 628587896
3005 1978 791161319
1782 3119 589768797
3121 2980 114413856
388 1322 533659353
1354 501 872422747
2493 1020 428643290
3590 3491 225353592
1842 808 10576779
3325 1143 534575545
897 624 45055036
2859 135 863920896
1800 1824 78587902
1896 2479 276126280
2108 2203 969131366
1070 1497 151620204
2531 1359 674209746
2996 591 300032411
248 803 560946987
2440 3166 861895758
2943 1101 263861687
860 3514 649771416
3570 1532 350304437
3046 3494 433511773
928 2440 542475730
1084 647 972528739
961 1421 326079173
2398 2928 57736420
1857 1628 198921831
2058 2518 522037253
2628 1304 946049450
2886 993 935007216
284 2816 216931916
2083 202 497258733
1469 3622 102427845
372 95 595516170
453 626 957092731
1993 1698 610843884
1611 614 181430577
1195 3313 557418868
1501 1289 812742011
2996 1768 335526462
3239 1353 223153490
3336 2447 745161396
167 3413 825874055
2207 1048 597385604
3741 3064 485351127
2037 2450 647022188
710 2955 475072630
3317 742 385247195
2207 1675 697603668
158 2242 347431200
1667 3593 628077553
3513 34 303207318
1682 1868 273839013
110 43 586770923
2333 3375 885300247
2513 2146 194313364
1017 250 227509855
2571 3128 399878724
753 2871 549634180
2389 3320 220153471
1127 323 880981966
2767 3061 407064671
2915 593 29266109
1899 2889 212292693
3263 1547 124506741
1562 2454 162125055
3462 2894 46860194
2771 1571 917232534
2666 1403 164309696
883 3688 631250528
2492 764 153323722
3129 1584 365818145
3345 1903 202714086
3449 2851 320742932
2297 2438 31046350
689 1335 138884776
2945 1059 706371031
3701 832 126555510
1160 2326 609879998
160 3518 157053070
2122 351 570341493
3335 1496 753706732
1801 3217 534136601
1584 3563 799758236
3757 2616 829006604
2253 504 873355593
1449 1273 887898545
3049 783 567743626
938 3252 950461889
3749 382 532517617
3033 2605 81928769
927 2851 227801408
2157 3502 414785175
2742 1012 877173816
892 1233 573735601
3179 186 745056334
1230 2623 617217076
3041 131 690824629
182 1001 540802873
1522 2153 694716393
3581 399 219429232
1023 159 572513764
2896 1057 650962433
443 104 370185415
1996 1413 2348022
3200 859 689552546
3182 3041 731113958
344 2766 576053354
2155 2679 591591062
6 405 894937002
2227 3213 885229595
3660 446 424807711
3329 3002 739394581
811 78 796861704
506 260 68635050
1687 479 380113647
1924 2989 398848063
1311 1604 614201870
3494 3344 633269045
3402 935 488891653
1047 33 328426018
2087 1465 111316488
1873 3093 443123218
1951 3511 50980467
2141 3612 910633611
2809 1061 270308436
1927 540 712905928
3453 2629 916890890
1455 3580 978784724
2469 1530 101458372
2782 2895 68614322
2468 3499 319561476
3592 2371 159330380
1396 3352 731837367
3197 3268 734479424
762 2540 48059068
110 2576 797949105
2553 2820 178754301
875 1275 874179090
629 2928 719750701
645 3718 591062313
1275 871 623430080
2732 576 427365681
780 2892 859738770
3461 1621 755734969
2176 3195 650663450
1229 3753 141129837
2792 1227 859534125
72 1876 426742981
1377 534 610416144
3709 1187 912373194
1651 720 260683248
3438 3361 948554572
2815 3007 171749638
2756 1686 679983928
2124 435 473172363
2925 1807 376975169
1166 302 163678896
2886 1343 372927846
264 1221 382817186
1380 702 341885049
1679 291 572867768
1225 2695 284622704
1197 1723 955796321
2131 1206 43842036
2300 3053 958974362
632 2263 119637536
1337 2599 260445089
3153 498 399814392
1699 1824 254282749
1555 2787 613733977
989 3098 153494111
2500 1339 36904828
889 2161 657108871
3000 3193 319116869
3465 2220 497260498
3729 1886 670713341
2266 2348 903982409
2744 2497 846946945
433 2830 721385934
418 1693 328788002
2920 1373 300183721
230 2712 201688079
2046 3366 631779444
1577 128 383826820
2169 1741 540663523
2229 2719 467289460
3638 2771 18325155
1219 2702 540379582
3420 1539 528850358
2602 203 363669205
1882 1879 130412767
2419 2723 554652026
3271 1379 506759756
1195 3731 484352084
3237 2831 417821168
2895 3150 278094791
475 658 368924405
3345 1323 220697454
2915 950 379236741
1029 1199 773562447
2520 1004 716878376
2719 590 533902536
2921 291 874836244
3388 3721 918654149
1252 1703 173562477
2786 1265 614339543
2590 451 463739361
1585 1821 303714654
2004 713 570559587
3182 1488 936805125
591 898 488335410
234 3291 547543318
1037 1453 259452479
2641 1396 305253067
1522 3732 59657930
2061 842 129859527
3443 1833 416396780
1572 1146 8373039
1968 3657 301670614
1475 9 838442029
2848 1274 9059385
1356 1920 72078423
710 146 362426721
2464 122 45431509
3450 1229 908748695
1520 2134 410719772
1789 3048 233234418
3157 2133 629241054
291 3289 181619106
913 2587 3964869
3026 1644 665918727
1202 2607 136015349
1079 3663 544789047
2330 1139 821843943
568 2727 69986430
3678 818 609672371
3397 2697 768496344
1475 1114 751241906
1193 785 265241629
3288 678 282628472
2831 1943 364686829
1460 1274 660368083
2238 1415 3557480
1271 1411 757480537
2877 1524 961235727
1975 1623 743548880
3402 3715 934098991
342 3078 957246817
1300 2194 888473486
2719 1440 225873496
1158 2954 625940999
3194 651 635722647
839 3068 244800197
1180 1726 644556147
980 3058 888517063
2510 1806 745307208
2964 1155 514209015
472 1748 442144128
99 3583 422085198
151 717 224112510
3757 1151 193873524
1088 863 653302398
1783 1162 642684929
2489 1924 879508986
332 1240 21903845
3285 2049 88173213
2247 1451 445958643
2647 1904 44759614
3415 3257 339183820
1724 2444 58529271
895 779 417396018
420 907 764676584
111 317 913126201
2600 1172 388524022
2648 2893 462422569
2038 1031 7184659
3753 500 472992373
29 2461 925856670
3051 711 817105696
3512 3505 407082222
535 1178 301272096
2924 178 144067059
746 815 241982237
2638 3281 807057838
1080 2857 524877571
1510 66 232525598
42 1507 1012924
2256 1205 501819168
276 856 115819140
2500 3218 704911073
3486 3618 765826268
3059 2492 365209517
1704 2366 541613247
1554 1117 387675345
1329 298 710613566
1479 2436 169312231
3144 3095 641927433
2134 749 19292861
570 1069 20993818
1524 2029 681614551
1290 392 528044277
2261 2096 844197432
2837 283 652925797
2875 2727 895381822
161 667 505949454
3370 1653 618832117
2654 3598 668174094
1454 2405 19211105
1551 2443 695079765
2004 3119 537784655
2313 650 348314179
3114 3538 570376214
3092 1041 929829063
2706 3214 535462182
3456 874 499200001
3715 1243 715811238
3454 835 405500885
1067 3656 844194087
148 2355 501953593
2311 3216 253420246
1776 2753 708818808
2997 2809 582263700
294 1780 240968492
1706 971 150873100
948 1850 440256802
1018 3391 949723432
2364 1389 847616142
122 892 205532548
2093 1460 546117189
638 1993 620067772
737 2647 448994836
3256 2102 241869896
1762 1363 757926285
129 2609 99817951
596 3742 309308630
369 1373 386321967
2555 878 399169436
958 3727 126934750
2817 2408 731900313
3711 1736 741271229
3022 3278 821387703
1256 134 100894436
1790 3687 952182682
1867 3094 972804187
140 2826 524362982
1208 2302 103400475
1750 103 504181636
3570 803 754406967
1707 2135 603232238
1134 2580 775645153
2816 1897 920144732
1156 1604 747792600
1063 2536 414727637
1608 936 135141643
2220 483 791184384
2688 1180 527295608
2539 2114 459008468
2577 2493 335045505
1639 3232 488017659
1670 701 617442360
3206 1289 609520382
2468 56 434909507
1683 3059 624238754
3427 3076 977964837
1439 739 183849490
843 835 694456677
74 1835 264976313
1098 2082 654433110
931 3013 295240450
2817 3134 365736818
3494 1445 328812880
467 2728 951847030
971 2135 684409857
279 1372 37111817
19 621 84921553
65 1687 447148379
1257 1787 95790416
1189 2018 75810845
998 3241 468457488
590 3470 785789747
3072 3478 200204818
3732 2448 371777450
2152 700 77086609
833 3446 527742367
288 2133 301442180
1763 547 798164786
3085 532 766032720
389 926 807880091
26 306 238881378
3242 168 108619069
2881 1426 821825322
460 1301 745991347
2936 396 401133655
1759 1439 111858508
1689 2982 773508988
55 1707 77498318
2458 1636 973026
614 2233 268873289
1595 173 9154158
1797 3206 775252834
1121 3695 26321738
1912 1043 866302043
2676 3743 94837314
2856 1190 88380052
2177 2788 768055728
420 2454 47337707
2496 1566 187830698
3176 3594 822279007
2863 199 358354552
552 1974 521600184
844 3742 587079307
2161 416 452032549
1763 761 450874041
2920 3128 212364800
967 3123 751156569
1512 181 494940735
2765 3025 220829661
3250 2109 475552180
1593 483 689185178
2474 3083 657114546
1690 1946 767932821
1994 3685 520811669
3458 3335 825487994
2695 2664 162127129
1373 466 694073217
2804 1241 599053669
2444 2720 330605382
1941 2496 219070726
202 3732 5805785
3114 2798 58214065
3311 3557 130262891
105 279 254386901
3558 2586 295703455
1318 1180 379642661
701 3252 771368095
1585 3757 598238328
1614 2530 259892861
412 1338 139818424
1383 671 264512072
1728 3033 816080703
1042 494 820723926
515 2241 320651109
623 3488 176745512
364 806 625386445
2081 960 456842032
1049 2632 366856506
3041 2191 441828434
189 3447 425970695
72 2347 541358067
507 3106 938068894
3491 2882 588434902
2133 2950 581392976
820 36 300482268
468 2397 598036362
2970 3230 152015870
2423 1979 115690299
36 3133 418608735
968 1401 587202810
2670 1991 890371731
1209 281 679737121
2169 2024 511788393
1711 537 388487854
204 1726 435847407
307 2605 438483702
2101 3298 857762415
1959 1416 428442331
1800 473 211562422
3087 905 533758836
3390 1135 843172767
1211 767 939856186
3617 1381 371117923
1765 2848 713277255
1134 3455 144481615
858 495 91051875
2182 1778 754476215
1806 3548 873010607
1782 3511 28947873
1300 2165 235419748
358 2218 627293093
115 255 983040523
1849 3211 833680296
2967 937 799169408
469 3162 167791461
2397 1233 178608216
3735 213 896970458
154 619 448232203
1454 3521 314421071
2681 2455 122445677
2899 965 599814065
1709 2043 817010146
1808 1925 970241897
1738 3541 860596622
669 706 222488151
2999 3181 821165373
1919 1171 609656610
2226 2098 76292157
1847 3374 282186401
1843 2464 131581660
3613 1259 868989458
1518 2489 877546309
2830 2650 693922856
2297 3013 988676953
781 872 63967149
270 2258 149794911
2771 1667 667893091
811 1005 192446483
3758 441 463131429
1335 150 12332140
1387 3585 23781603
1261 2856 430909885
1299 220 193239516
1722 265 374065294
1408 1675 207991590
2423 735 673321676
3703 2387 808146512
218 1894 578597384
3748 1230 301919284
2310 1779 538084746
3354 1074 976505676
1091 1635 283887337
3662 2743 490745744
2765 2619 426612749
62 2258 721293056
304 1105 612654250
629 3677 371794363
3186 3451 302505162
1608 3404 54141187
1787 1043 69089913
397 2344 934421918
3701 1398 830646449
2776 2660 748050000
2255 842 811404192
1901 1395 600370556
507 946 68011531
940 1399 5914481
3464 2362 388308175
1849 1525 930486763
1525 1281 935148874
940 2089 643684764
604 451 507486058
2869 945 887318202
132 3703 46207682
827 61 147009266
2302 2110 856358003
2316 58 561435562
1314 3050 258474948
2655 2111 271683118
514 2089 498288812
3539 1736 853749103
2285 451 758474813
3609 3480 831204422
3153 1953 141073707
1867 1386 406838620
1041 2067 231517298
2556 1904 234907517
1584 2715 292355934
251 282 877102401
1246 905 312962685
2979 470 863698608
3689 1933 435284055
15 1592 352355925
1026 1479 767021387
1933 574 999520079
1922 211 959750322
2983 1357 800184127
683 784 699043312
479 1340 442163793
2827 3533 460675006
1320 567 113375538
3061 1120 166693270
1004 3432 646698591
909 230 356928539
3756 1726 456866669
704 2794 948742268
1229 106 504088584
2819 3316 584356803
2034 1314 226794884
2069 1253 338161131
3312 40 877473936
1273 959 192297344
2674 96 110961361
134 1290 199934259
1577 1432 550748161
3154 1971 432228303
1032 1396 84315583
3471 272 509036953
1451 2652 711921055
3166 1071 762300975
890 248 584653875
1513 3321 2150059
410 2663 730156224
2148 903 426720735
352 2976 806285350
2739 870 867184822
1525 2020 376826727
1577 810 215275253
2368 2356 629162040
2244 1091 162672391
1776 2353 566466657
2012 2873 56585414
142 823 627102105
27 3619 435090855
634 771 247009510
2662 1569 693958467
410 1534 274240854
1265 3286 691701287
2329 970 179478049
2501 730 536008104
3690 1215 249159771
1540 3042 82499297
3667 2932 524054511
1794 776 280297980
3131 715 495462206
3430 3306 174160267
3729 3222 776981068
3565 1095 939196311
1976 3751 569901759
1814 730 72668432
690 2042 595442368
1381 3449 86533108
821 1696 973238346
3033 3429 51517442
2006 2131 37382922
1883 1762 135189083
1062 2264 183195438
3384 1691 987241464
3538 1476 876528085
1030 636 361500180
1909 705 975971988
1918 2945 479500144
3134 1626 882102484
3659 2034 29107339
3166 3208 24634419
1499 490 75282076
2676 1436 813566435
3319 1118 886740164
311 1685 754827952
2946 1684 849845011
2273 1250 53360144
380 501 862218691
1754 3379 130226051
2571 3401 675597579
1655 3036 773351066
179 1832 618355509
2134 3556 401698028
2052 285 297645047
709 1228 473227004
600 3654 377523846
1649 3005 314413695
1838 2779 58042334
2635 1685 357930195
2187 3174 342017908
651 1834 557799008
3517 399 699487214
407 214 306538661
1034 1839 803117129
3029 2501 630362821
3302 253 272301219
2469 3623 837318525
274 1556 130427996
2747 2680 568405162
1797 1553 47208005
1600 1729 291197018
2794 3271 471840224
3054 3673 691525552
2863 955 889267486
3274 3153 494649448
3076 57 504831277
313 1283 458660640
2630 474 249835568
1730 2832 867494041
3343 1731 96089892
645 3409 665410784
2545 2135 942539563
419 2361 112059423
417 456 375515904
1605 3151 657668617
567 1656 170284194
198 1781 130875466
205 769 840265313
1474 3051 510988847
925 3690 758409679
1514 1288 912946318
1578 3321 386423896
1321 3086 655632472
3683 2728 397682048
943 1570 133599220
1458 1786 616618916
2794 3009 171251536
1085 2344 721482702
3613 1448 426546540
2407 889 944335484
3008 25 854028060
1388 843 200629809
3260 3701 865606557
1233 2426 400717947
1561 1860 988770410
1947 1590 845927628
2019 3511 1786429
3325 3006 382650095
3542 3702 241298704
2350 61 450024530
773 2145 412789230
2715 2574 197939558
29 3722 805599289
1499 184 459973321
738 1908 444705549
3033 1994 164002705
2772 1211 875114160
3063 2194 535862003
1335 590 598633570
2899 69 770450259
3506 587 158156124
727 3597 100820383
3405 43 971425725
1997 2671 45191937
1562 1683 780818736
3322 1578 35786627
2699 684 116401471
312 2192 236227483
2167 2069 241904491
3743 1454 986222758
859 2363 468624282
2004 2988 900440248
1073 3623 842859746
1394 514 298133587
2747 3318 526659924
1400 1357 715895437
2390 3240 560097462
1814 1628 676594890
464 3069 673525803
1708 2544 764500867
2569 2431 454914876
1388 689 90765730
3722 2024 527449208
2322 1363 416021459
2243 3068 557301186
841 3715 810446455
2478 3245 180019554
2931 650 30868355
554 462 87212189
3555 30 92837550
3515 1108 891412221
590 58 666969539
2569 472 573170021
2594 2542 113271204
3362 487 555789124
987 562 493501552
3731 2311 790768840
220 569 114729808
1706 643 30785807
959 3257 751655288
3721 2892 22009545
2101 2525 284749365
2910 896 176523910
795 2115 956365587
1254 2881 32784867
1300 2999 858432179
958 2918 245065327
3608 2989 798906814
2231 2105 819219957
1565 1366 55579277
2385 2725 225978416
2905 1763 465736723
213 161 517428145
2447 2576 332424144
2346 1240 725273822
1276 412 755084866
3299 2111 901826645
470 1894 449296483
199 809 307120575
2304 3626 2835044
2935 207 603429762
1261 1717 640170604
2734 2598 81530464
1221 487 153263128
3712 701 459994665
3750 699 258320747
1843 2794 187588410
3355 1797 337006593
1666 869 391460546
3052 2356 1204061
1596 1357 884185132
115 3031 953096847
1514 1903 689193902
2241 1930 652825733
3180 3643 945032114
3605 254 551781821
1544 3302 219470416
2739 279 47064434
2833 3360 31041002
3631 404 440342602
1226 2361 761564688
1757 3527 101952953
3228 1812 735473827
1574 1388 586699436
2443 3760 623134341
883 3371 390321302
90 852 300588811
280 902 91652239
2361 181 369894322
277 1596 449487592
765 459 387733452
1774 1187 425519613
3137 1181 877795855
3712 1053 951911210
1745 1429 870992642
1498 1407 244605375
2935 2085 253575050
3464 559 804713782
436 2819 173171574
2436 1146 176839607
2709 3489 187391616
3077 698 734745577
1622 3590 324735039
440 2449 95412210
50 992 54716415
1435 2200 374915847
2375 3561 605618782
1398 2727 409220421
2424 2283 890442760
1392 3491 462796535
815 3445 916210897
3689 2132 464141365
2160 681 733251688
2095 45 63032597
722 469 183862264
842 2151 914741332
2536 2013 927303470
1533 1114 412630698
1213 2917 747790044
3658 853 647125472
3715 1891 573196344
2234 935 986499113
833 438 251535339
1767 1038 714004266
872 3710 997949149
1841 1822 580886060
1562 1268 802346763
590 2224 393865692
815 2660 168933583
2150 106 415127183
204 2992 834245020
1151 2267 890139149
305 3240 303858805
206 3154 77257734
427 1860 510737665
2050 116 79563402
2501 3623 303405615
1506 3567 697174729
3720 3450 517890311
679 516 826405658
1911 3748 552820528
1833 3451 152133417
3699 335 757421637
462 1081 751931427
343 1041 401653553
2157 1793 921607211
1112 1173 959813676
3447 560 190658790
1557 1890 491282176
625 3640 84095355
61 555 930111897
636 116 214343985
1496 1065 606567079
1215 699 650964912
3707 699 667394148
597 2748 302757019
1063 1408 261644950
1246 3697 804258897
2731 3381 612316996
2500 207 866935236
2633 76 192269101
1381 207 122466916
3043 2668 618268109
3015 1211 35751531
676 1608 829803797
1716 1003 525014280
2248 3752 695498273
1304 1835 174217103
3203 565 629501149
741 2159 141363807
580 1240 106717373
3013 3215 236003627
3459 1179 780291235
3598 2997 39202157
2112 84 159646058
1755 2404 176644981
2109 564 428768861
1723 1853 217949812
1891 2936 811633147
2283 1026 914632050
3557 1636 103982218
2310 15 566362610
3550 2654 619955275
153 2877 823788730
3496 3207 394447877
3268 1978 409013516
2219 755 82146178
2795 2381 240825116
2363 369 30139454
477 2876 492457137
3517 606 678173613
111 2304 953947321
25 3123 852520004
2953 1279 461630224
1824 405 78436912
2502 398 130006228
593 2382 798679576
3202 2654 373006301
1439 2970 439315528
1694 2339 187479224
2972 2068 69469642
2516 2217 267849030
483 981 751627882
750 2797 75603679
46 763 504246308
1492 3461 33766118
2352 1710 133189631
2323 2611 25448809
3533 822 668744490
3219 2822 934727240
983 1778 636603468
19 151 539752971
3474 2678 316077348
726 3298 146208257
1272 1547 71358284
137 2543 157413554
436 1735 762886426
853 617 774816368
2305 1221 304080829
166 1542 873693414
83 1920 84656449
543 3441 594110032
1242 3216 953213648
3222 989 952266681
1546 33 613405910
3291 3608 197805004
157 235 374914003
2581 3043 99417522
594 2052 430160253
187 1231 793128028
891 807 756891728
902 2502 127739696
3348 2236 497759801
438 2466 407848687
3596 1672 716891571
1214 2158 229124668
1272 642 561492181
2314 755 454775238
2990 228 739166811
2286 1793 661451173
349 2065 8943585
694 2498 623213379
3494 2762 406500572
2410 1001 736268873
2128 3126 617844685
2463 2674 49193521
3463 1165 42240469
3170 1359 689525065
2759 599 621347548
125 2800 35394419
3078 2579 642828400
1157 3543 19422711
2289 1940 748168240
37 818 307367979
84 1798 355269498
3281 2401 746763609
320 589 847441613
545 944 868905215
2580 2718 185341353
3629 21 678869169
2721 1675 691958448
2601 1445 442664145
1899 1541 903906645
1308 603 133599653
1762 1441 432305835
255 2548 121867157
1449 2538 546955189
2431 3431 490201903
968 143 448325219
2513 2071 817517446
1895 1591 131288376
611 1283 167326758
2457 3353 143886895
394 2926 6123410
3250 1263 604255229
1082 1162 806765524
2726 2809 522020578
3340 2105 450082872
437 3114 752506166
2847 2305 450499599
2278 203 211062612
1365 770 628148498
187 1854 501921857
1967 3755 254159594
3119 1181 319010370
1067 1498 467080945
2863 3330 734054298
1326 250 239045935
898 1395 608581137
1323 1181 588014400
430 1638 26752968
1980 3175 600797492
2152 939 883379716
3586 2630 665680099
3076 2935 537699106
2923 1078 240307010
2305 2406 613505890
2010 3225 197819193
1033 1304 430168154
2261 887 355947103
2174 3485 394638806
2308 2553 493272535
2942 480 538355903
522 785 987544758
3127 1266 544279490
2609 2398 590821939
2724 1851 501769576
3722 1776 288826654
2529 3329 826225877
1780 1527 995546877
2334 3577 867297405
1326 3017 98737307
1899 3017 161162624
701 2005 168822754
1140 2959 163105809
536 3446 482432674
663 2700 568634094
3259 2172 305951646
1945 2109 125429905
1144 3723 899988092
2971 2575 900747863
2000 754 750209103
1398 3040 163991015
3081 2189 732748365
1130 3600 765281003
214 1440 929478454
1227 2801 582331548
1969 245 944589467
3486 3431 147716200
3274 2467 207573593
3392 2972 604265260
238 3630 896490888
1737 3013 612896029
2511 3293 708746455
1999 720 859546549
679 2729 113619264
2864 2783 273912937
1330 3433 745699731
1443 413 178661939
3067 2654 665357184
812 1972 754154565
2021 3584 176031514
3549 2948 308274899
2254 2836 386603973
114 632 903279796
1204 772 718269699
1054 1340 617606771
647 3039 123414645
1361 957 681318491
854 616 55821615
1360 1601 533458119
24 3444 862156191
3570 638 639985052
2226 406 633518255
1590 3334 217958978
3215 1831 139889302
2753 3205 986556883
2549 692 641564336
2505 629 794218183
660 445 504931268
210 2205 714346458
2855 3477 13488050
2961 125 520329556
2416 385 651596353
899 1393 779784896
676 708 976426143
232 2669 454441766
865 903 300876170
1317 2290 920631756
1580 2801 522247571
661 1242 256637490
2917 3436 205831177
1097 3183 522294086
436 2982 191938156
2860 1946 924030539
3021 3567 916106559
593 1693 340087487
2090 1634 992073209
3664 2679 130599507
2824 959 851231998
3297 103 344882759
390 2918 374446906
768 610 271778662
2123 1771 478939658
3709 3461 797626388
3221 2535 971906339
907 2450 799066324
867 2396 453237006
1276 1251 993119689
146 821 858789706
2272 368 709864020
3017 3045 297410665
3228 3115 187254624
2197 1850 940544797
2941 1818 288901723
485 1277 661000833
2721 2782 171490868
2271 728 102469361
1832 2626 198316400
3123 3245 69042788
1106 2 9829720
862 2511 398333821
3210 3127 825863493
304 2202 681778263
1745 767 443628574
3061 3121 889577187
696 2228 708030495
180 1065 459177837
2109 3720 682951314
2513 1196 286490224
930 325 403939163
3503 51 689134582
3638 1962 537669612
1228 2724 342833867
1490 2588 859899679
2373 3632 670582946
1076 3703 618951008
2485 2232 373656115
1422 3668 534325427
683 1362 847511618
545 2472 796780059
2608 2102 953115727
1319 1279 903409646
2085 1156 20933671
2280 1710 276004616
2757 3066 135191122
3030 275 361331940
3755 2531 717597144
1148 1574 831303915
953 1321 70098097
703 679 421085040
2150 955 802221222
2361 1712 791592708
3171 1332 771575336
256 733 204777268
2294 1659 442528402
31 1524 577615665
1638 2815 258288329
290 2834 505312775
2893 353 514193803
52 3560 467338315
1287 1770 449775376
1022 3058 302428117
3194 1408 876950279
2042 1749 849050908
1918 905 897613247
3364 3222 920067830
348 2800 111097913
3545 2208 883066481
2221 1570 751835771
1022 2600 867484097
318 2029 164777683
492 1304 278226395
3079 573 677928894
1813 288 468912342
2501 1476 922088184
990 912 635799724
3434 1581 381587880
2299 3690 616775914
300 3260 332197644
3140 3265 896110097
597 1792 367340573
2057 735 224863362
2676 329 986984005
3058 1399 88598644
2267 3547 923158425
284 3046 723914359
1732 3592 866097639
44 2545 900855957
1818 1900 817492246
3170 2213 323629619
3385 390 238918101
1209 3148 163120248
2204 2934 464631174
2168 501 298207980
2567 1939 476702640
3605 6 65204398
1820 447 949982958
1679 3648 478985589
976 1076 454677851
2009 2119 727364084
2607 3266 974027566
603 1186 20907042
2010 802 998540482
1689 30 115592336
3523 2251 650522355
709 3265 631501626
2560 198 271150937
2796 1920 357875712
454 1738 813056440
2793 3178 509167829
2458 2781 690598161
261 1228 322450987
3687 1557 744211238
2493 134 703533478
3080 1364 741024977
1088 3324 471343970
1816 1856 401750443
2641 2873 513431595
1010 820 363750133
2930 1709 759781516
3243 1479 419978305
1396 2049 397881432
3501 1563 841737137
1687 3016 507072412
1803 1109 621953523
3616 1721 409972329
937 1820 166658682
147 2181 661316572
97 2618 4154331
3133 1978 799073309
89 1041 893943312
2681 1122 784064682
3412 3218 245171705
1782 2937 887520402
365 2623 602878434
3365 3704 831642377
238 2229 482472162
2402 254 729894979
1393 1073 300501828
2082 2451 323876447
2936 1464 708715448
2772 2748 576653648
889 1813 560304327
1818 830 455011375
3191 812 257421523
3128 2443 277733084
3757 1849 527010708
2399 3432 808281159
1988 3368 679693412
559 340 862236252
1479 1104 861983969
1766 1180 50453755
1039 1739 913975539
3219 1682 373207177
2067 3436 692569775
2123 1397 536178851
1731 2518 506904784
2348 3198 547574846
460 3388 47714266
3050 1925 98397188
667 289 51491940
1910 2876 632012571
604 914 486819827
3754 620 778735410
1092 2087 716013183
3051 826 5722515
2558 1661 189941355
3272 1597 900637014
1336 3126 4266220
3312 1195 854667004
1376 846 768783879
654 1548 17322499
791 1382 325776005
264 1306 577454090
3069 3177 908090942
2339 1116 333276933
521 2281 47808640
3016 3031 112771938
898 822 35095004
2489 1296 503986894
3216 103 102906720
553 1391 83973369
3075 1395 833001576
1984 2349 201756323
1905 2100 918700869
1000 219 28695283
183 1058 277721206
3472 126 773755918
602 1853 307440715
137 2531 751426020
228 2 321720068
3682 2027 61621465
486 75 630263831
1859 1778 676329960
1452 1508 228057051
1132 310 308537243
73 3299 695971069
3523 28 135600819
2247 3325 891989108
3707 1580 575510560
398 2307 969279347
1115 893 564345405
601 1598 659667247
3024 3195 776973002
3177 2883 11375208
1167 241 146234809
805 2326 963688680
32 2147 246544426
136 2911 540057864
3495 2467 268074350
3690 1466 225833678
525 2000 263409257
461 2649 871542585
2876 1016 900094978
363 1376 138726244
2428 2935 169832444
3365 2366 593969572
2638 2836 337507847
2622 335 912524936
2316 3339 832867735
2197 193 869084995
2021 702 365199103
2740 3263 541426762
2730 443 504924280
627 3050 861672051
2317 2683 191174077
648 1354 342204769
2077 3629 442319095
1969 1148 152466744
871 3544 488855097
3078 1528 497057
981 1421 309594212
1622 2761 15471286
1458 2313 761328659
1522 1388 830011708
1003 142 391255271
3085 314 762665439
839 510 300342145
356 2768 125496611
2189 3249 494715493
559 1326 677773366
2825 3694 222379159
1597 1800 65838675
1229 1379 876311341
1486 1691 758222427
487 2302 924857125
2641 367 446567234
2353 3497 871081962
122 332 706027724
1466 2714 638313519
865 2087 745559092
1863 2592 556539844
446 609 56381188
3178 3612 587692863
1538 115 108826361
2646 1848 875595077
3245 2492 305778841
1961 2315 280154056
2643 2871 653546688
695 1825 762312233
2998 246 487285119
3693 2491 444083242
3167 1656 747479980
1627 3688 184969826
572 1696 400356155
2996 909 328688081
2818 2397 759656425
1501 3088 442638250
135 1751 849168962
3341 1796 183542181
2521 2780 151345493
2788 537 928628857
1365 1377 165544353
1313 42 258133095
2582 2360 284221275
3432 3718 125964737
1223 1976 399619373
3623 1975 112702868
62 2722 156082793
78 2873 358398290
1055 2403 772424776
3336 205 176016335
3725 3343 286919255
1971 3365 400555111
1587 627 308461217
1125 2607 97940857
726 2987 210451076
274 3185 66398810
3419 2484 945435597
3139 1615 2794054
2238 103 734083149
2650 2567 390889987
1835 795 720319018
1747 2344 103267972
2821 1887 841362904
3340 1218 326565131
2290 2514 870913873
1650 2210 14847197
63 1191 29430265
3679 3290 62519118
902 3371 383768334
3453 34 474851278
215 2466 411040837
2888 1901 503131640
3741 3009 533306275
933 824 787902580
2114 2268 942511527
2985 2147 536569604
1252 3300 994220563
2758 197 583324756
319 1868 616674409
3538 3341 186107396
3089 3466 210967399
693 3234 223805628
2654 1291 517420444
2030 3341 148050425
1439 1001 592732742
1467 722 402229916
3454 2029 863524553
1731 276 200464711
1448 1340 136998770
3636 2564 317809566
853 1526 373960540
899 505 542244051
3146 909 535668165
895 965 625741386
1021 2846 829788327
3356 1269 949906978
723 2593 36044026
2212 1221 776619105
1729 1499 43326250
3210 600 436081886
3496 2815 23326565
653 2874 85926251
1195 1201 202773878
1109 590 545534806
1501 319 684678846
2931 1299 576381260
1946 1990 583228501
436 238 998690843
1663 2951 631950757
1569 1412 628664508
2506 3757 693663624
1257 2078 560390629
2066 1820 965999850
2856 571 324033359
1599 1278 111590626
1751 115 955231376
3077 599 134665219
3441 655 355735888
1160 836 100659891
3242 1983 578503557
2408 1148 209071648
297 2152 508344564
907 2750 791346021
3755 2336 786265221
374 278 222909643
1733 3681 181333659
3297 2907 530562839
579 590 618280327
2897 3323 381416401
1860 2946 592874845
1533 3551 182781090
983 2438 564448684
1238 464 309486853
2014 3139 455761469
1166 2399 116631290
1098 773 368963254
3735 1067 100886009
2330 2708 916946203
589 876 554610761
3339 2189 821217297
3315 3613 292756241
2221 438 29943063
2703 997 95326395
1931 2642 343897392
144 1233 684070513
1386 2097 65520202
2985 3384 884776370
638 3699 746751964
1733 390 840782752
3320 2030 314472880
1547 3484 213182147
1593 3613 817181368
1609 2941 612198872
724 3419 951778359
1811 255 345341770
3136 2806 353367095
530 2236 629048147
1700 1587 706918704
1572 2278 684667684
2547 715 330236953
3264 1267 996215871
1889 3472 244475899
188 3396 61678194
101 3216 286586054
1115 644 923907962
2795 1931 343265544
1812 2188 113718893
3543 3350 204246967
1245 3610 586078994
3726 2559 995284555
1788 764 468544147
2150 3649 26347837
615 36 383416460
3747 338 435412350
2612 1294 776044641
1040 3043 67274262
859 3477 253461931
3383 3156 925593391
3340 782 715586928
3681 1611 988589785
2357 3598 104288502
2762 1590 107169366
1643 3398 791315298
90 3624 59884787
1103 54 497163814
668 2562 786583060
1461 2888 91500064
2046 3298 297157222
2164 1143 680517695
2331 2701 2803998
462 1808 366180010
1619 943 97772998
842 541 876105706
2239 2445 170499688
925 3331 808571423
498 2967 822787815
1766 3197 911505873
380 1591 198925967
2187 2064 622775049
1301 2394 952218725
1068 2224 367328582
3217 2265 896848086
2234 3238 347348845
1124 1300 672084903
2453 3751 310588580
1466 521 21634217
813 3189 17126173
2588 3136 606343371
3095 2286 657549997
3506 1518 487294244
2663 1972 255105268
2798 2282 264454254
96 43 158600858
2039 512 763876608
393 1772 319857354
581 3129 711220461
133 3228 78817716
712 772 59781215
2295 1723 260775060
537 3292 953248436
3230 3156 648865583
1600 743 837975728
3573 3543 273561838
334 1635 549796701
593 3668 759482487
3311 586 626310808
381 45 697835575
2451 260 355752204
1552 3251 445405664
1140 395 516635274
357 3388 950790915
239 2276 871352308
58 1451 610427657
3024 3730 293213768
2129 1054 690251498
901 1740 75052903
2871 2188 301668278
959 1748 228468126
653 276 227695168
875 724 291773884
583 1213 930880190
1354 2600 547138108
990 287 83678197
630 789 968159754
521 2105 752599408
2581 1206 247824483
2909 3335 133232544
27 1760 63165233
1673 1382 246056461
1145 1501 534870436
546 1061 516285492
2038 3465 633513531
398 603 949988624
3358 1745 356500269
1503 1049 179145503
1671 454 668163399
791 3525 99100072
3013 371 243772558
1416 46 559900460
3483 1165 303835103
2169 1004 340269830
1359 3200 378246803
3600 2709 937553849
1905 953 506467614
2232 3527 452249297
251 391 779176310
3633 1068 790027776
2741 234 499764422
1581 2488 877794386
654 2978 229163039
2341 1201 527256832
2300 572 223880622
679 3616 676400414
3316 1440 236544940
830 1508 529855325
2638 3740 763085001
3371 2313 249202832
3069 1959 585704081
3380 1360 521202980
3693 1565 500945325
2545 1623 119052939
3759 3587 619570053
3090 1374 510904989
563 1947 217438238
2762 292 193114416
2789 3460 240747843
3354 3544 608594903
2981 3078 427486049
1350 3419 792059349
3119 1994 778016602
2468 2556 738939200
2429 3422 628730458
855 1913 604899253
3256 521 208044027
2661 304 532401374
1816 652 174964079
3085 2279 187782192
1962 3191 628858741
2105 92 747170855
1646 2704 734672718
3438 2954 867102598
1934 3299 101915449
1883 870 213941254
2835 2972 439138335
63 3705 204833061
1563 1076 934277179
3760 2013 516142295
864 3292 706216726
165 2020 768924174
2766 3205 89686366
3601 524 341387336
579 2131 978930436
3070 609 668063581
682 3635 568634808
961 3689 489525414
2909 2262 630640355
2181 3105 281545716
1293 2143 770206628
345 1952 420691788
406 3164 584794613
2775 2228 932021906
2776 759 139254042
2230 2287 626979856
3421 3215 358063105
813 2275 437712179
510 1196 336222795
2343 103 160728396
2445 2023 489141383
989 2003 63891571
2247 3548 115324862
1833 204 11446455
2301 2580 942092880
3443 505 744631632
3737 3668 264904568
2864 1593 223756072
1481 2095 141317833
2804 2023 992248308
2690 3404 572307227
1817 1759 147849798
826 3651 603063969
2248 435 387080919
2766 1899 193875122
2418 2188 914174509
3610 925 757118268
2698 2075 22369886
245 721 594427784
2119 602 642281830
1260 3162 722548321
1419 1564 310445272
3590 572 774578266
21 2464 644819542
1872 1823 399566213
247 1670 768860219
932 965 581170984
308 1751 432451253
526 1075 617280535
1541 1724 760076858
1020 1664 348246127
1702 1428 210690998
2103 2177 24352703
3107 3719 38492177
1426 1251 579140773
1239 3510 905880014
2381 3510 232948384
2749 2546 296164923
2020 622 177343859
2607 3553 727508472
2645 1015 390026601
2756 3352 982772914
1191 290 118777094
1853 3494 968072305
3297 716 762625307
1726 909 648989021
3572 972 818773989
3407 2826 40025477
291 1978 533188135
598 2513 54032620
2061 1114 540991762
1332 2644 455154174
1954 2298 599209496
276 3015 98481913
3190 2376 518574485
2608 789 228519731
1997 2412 424529283
1095 1627 705959002
3403 2264 714078715
3270 1332 643613795
2331 1906 764156986
2952 1043 30930810
3507 2999 325802045
2249 1732 324629766
2928 2506 54894293
1581 993 600347527
1276 2394 527356072
1672 1815 259016803
960 3166 210824735
2445 146 355701610
1710 1770 815820873
2655 1620 73000634
598 2259 111989907
2304 539 681309036
511 2610 139706519
1015 658 499278131
1956 890 588913111
2421 1969 240752837
106 2438 380608903
3005 1275 579744273
3183 2759 310882619
2065 2216 700503587
635 3371 541168316
1145 1961 636161500
2727 2855 186508389
2691 233 866931860
3014 3371 534424697
3334 580 74302974
1269 3422 445908925
1579 1857 167962235
307 1662 811115121
1353 1159 102487782
108 2501 385852174
810 1181 491921463
1995 3266 264414932
243 43 253333879
541 1025 44308485
3299 2219 599872762
2060 220 639135832
2959 1097 984556878
1709 3226 848161350
262 2079 293098015
729 1758 328849277
2864 1068 722788057
2298 3000 915770456
598 1883 587607164
681 17 849129188
2826 2309 242275054
1400 2538 258865950
351 3059 988979219
265 2780 308994909
1713 2036 921253819
80 3720 703524990
2844 1896 311852447
2165 521 641304676
2859 2663 903423124
1003 1939 855491360
1439 2111 718187109
3759 1686 296870851
1851 411 617543278
1988 3245 147007957
3691 231 394788379
3487 1365 523464457
1187 2173 569631524
783 3709 514607400
484 2594 168681488
1183 2571 325235226
2208 2971 698526517
3588 266 533261931
937 1981 327236683
288 3071 877335103
3555 2644 839044733
3029 541 956840009
675 2929 663543001
2480 1478 185453041
1677 583 501346506
1081 3313 879320712
720 3435 509087213
567 1123 343600689
155 3437 769239376
2828 539 798232634
2175 411 960575697
3735 1956 891775459
482 402 536704205
2901 742 964757367
695 524 697268577
2694 2856 729887935
2904 981 113225672
1612 2531 651785018
3276 278 46718519
2771 203 962758240
786 2012 737133006
152 2495 314376733
1763 1670 557860483
3387 3386 746642132
91 3104 140536051
1376 2966 327158045
377 288 378381645
3078 3495 305019225
1279 2300 499210481
2984 2777 243389236
882 2154 843969423
2288 2573 460489933
3748 1294 358557029
3647 1864 156599322
2099 469 611876588
2850 1400 448332222
3497 2391 79955820
215 1195 541499023
2184 1129 733705351
862 3312 79682434
1511 2142 79812832
3751 1579 306702103
396 3390 952008030
1232 3542 377811398
926 2805 4165237
1296 2426 755226736
3713 3514 110402678
32 2275 554203299
3182 998 123032782
471 2478 326583044
1079 846 217716045
1017 3699 173708913
1363 1060 115913111
1881 914 792955777
2939 2886 598338851
1807 1418 466054942
3225 3644 780360915
238 1132 998870488
2804 1199 180399957
846 3045 998712435
1960 1926 202768930
1242 1605 710997971
1345 2348 653415692
1672 3268 322870215
2831 1043 517777631
1896 528 626013018
1854 2560 863164706
50 3029 393795111
956 1052 261561075
3131 3581 429069003
2384 252 440377427
2188 2489 757784374
1375 2228 722706099
619 361 11877196
2199 2638 279411858
50 3456 990561115
530 391 844513386
1034 273 436006525
2983 437 127232961
1368 2301 626791695
750 3689 120408643
3455 473 863435064
2227 2922 95817476
1220 2395 222902319
1028 2220 913169490
902 3449 683772475
3286 3460 310339902
1388 3759 831719832
1192 2758 528030463
2139 3624 618830039
2216 605 720526853
1656 1311 369766626
1948 539 372354765
861 3031 896318433
561 2563 646938738
2290 2523 322052283
1456 3564 623025432
3683 2427 355372766
3175 63 848816443
1259 2260 538610348
1024 1299 185955733
627 2565 505955384
1552 85 352474677
2467 2717 771658454
755 1824 109393250
3319 539 310140549
799 3374 332734142
1569 1035 945599570
979 270 19872966
449 3195 419240090
3215 1256 316562624
1108 2328 587646238
1905 2786 417364357
1016 1619 195427708
1231 1646 74372942
2058 3467 993756314
570 1578 374465125
1333 2407 234263788
1294 902 324138920
1193 3492 668196628
2715 2941 721265481
1430 2813 980997557
2183 2142 445992695
726 2548 665811717
2043 2831 564358149
2397 3378 857082384
2740 1470 710365298
205 2985 50036907
3047 560 833445782
1543 1405 142114255
1041 2768 169136309
2143 945 532324023
3486 3619 960265287
3566 3757 515770149
2328 1583 101986999
1523 1799 801409844
1956 2825 277693048
2128 3691 977878692
3582 3305 586202808
236 2548 440078651
429 2033 164919214
3114 1437 80284022
1577 645 812563805
1940 2098 389971271
1176 1681 492550378
3473 2918 20895886
1165 2640 741449374
1351 3237 166422509
1493 1117 142796747
2479 3343 479237645
1087 2738 254946077
3412 3342 942855762
1933 3099 166097698
3454 440 751123049
1542 2664 42969683
3618 2666 506200042
1640 1575 225609422
2055 3295 690670774
3100 2009 471987660
3051 1295 33268290
1185 1272 286820953
1372 567 746679803
323 2016 998061051
503 486 745740845
3299 940 954341754
2509 1125 838291820
3674 402 760935048
1822 1043 556718278
3658 885 374233706
2804 988 103163210
1487 2897 164906862
3549 1055 707645424
185 1038 139043794
2954 1061 307930888
1243 764 305715328
1517 516 671299631
2715 3638 58317063
3250 1007 15668561
3175 802 384017461
1159 2168 971460033
1639 1612 25514515
3197 338 315310868
2645 2981 265815638
2172 43 443200296
2657 2491 604687857
2636 3164 191196639
3543 2507 559790081
1117 7 434222562
790 2555 863607241
2580 1828 259945427
2317 3317 466065346
502 3646 44123861
1004 1204 926230140
1828 1886 180812711
3176 1291 577390296
324 2155 580732905
1605 1482 262624243
1447 1097 78119389
2295 2496 148053853
2475 941 242490689
308 2359 746385804
2140 748 381189262
2322 2717 832644232
3007 2706 263945012
2725 2056 572573212
611 1838 806078053
406 327 717341698
3252 3078 732348336
829 2443 8181587
2027 1381 959529124
1751 892 705820257
643 3170 964222115
1235 2455 951749587
724 740 633667681
2183 510 489431907
702 1307 890606947
5 543 785342740
157 1601 785845683
138 1304 988550583
2646 3707 121720410
3137 2509 41491948
2177 3064 818913587
1775 376 782474359
3086 1682 201917204
203 3151 623829185
3199 774 96982454
1647 1759 887822829
3426 3340 638363541
2621 510 897443959
1890 3602 384369953
425 3613 984321665
489 3311 76259289
2706 2097 37653301
115 838 512242229
878 2534 371150107
3376 3383 279592713
950 1005 492781555
1988 1138 580966093
1975 966 285388063
2038 3681 725049006
2649 908 462667742
802 1768 285322051
3754 1859 691716411
903 3172 24642602
2232 3105 232644853
2539 556 262507356
836 1812 441147252
2161 2294 9118098
2823 2204 255004347
476 1605 49555159
851 3424 318829742
3312 1274 428724159
407 3585 588660750
2409 3216 21024550
2010 3158 612800077
2892 558 39102319
1091 2028 984729579
1151 2489 140533169
3054 2151 530359599
943 3214 338231063
1216 3688 824318130
567 461 490044213
2212 312 51554271
3359 3068 73429112
228 1523 36580816
2291 2614 3443880
124 519 994155257
2823 690 769469019
2705 3084 154790263
789 2294 24853571
3141 3324 644427358
1997 3496 271017647
2204 1655 285101203
2222 2090 363681167
1277 1246 10358945
61 3696 383472692
1616 1054 674207732
3576 3610 111436136
605 1847 65907377
3459 2809 675215404
2862 2393 331978020
1528 3665 226801905
1962 187 970698004
1837 996 575481198
2835 1933 3818389
16 2165 236207317
1639 351 865328090
292 3049 426528266
1714 2272 882393790
2691 1222 689895849
256 928 126174231
487 233 915924751
3278 2145 79852109
1763 3232 771982405
2668 2525 47013278
1542 866 158633440
1686 670 183396576
2626 1685 388843109
321 3020 687874558
956 3060 605397963
2806 1151 161800078
3409 1787 34544671
1203 2565 973703634
551 2996 739237605
3088 738 111056051
548 2852 315279197
2966 1547 393927617
251 3171 995757484
200 2058 655330619
881 1358 604007530
2504 3339 15603488
329 272 878790390
403 3634 186455713
3146 1596 239422989
3224 1785 549612093
1036 2248 267172893
1458 2753 464670785
2542 316 471485604
1052 904 537231383
879 3717 117325246
2879 1367 252221028
2891 1855 567991015
3526 1616 817327167
675 1113 906318551
924 2648 645711957
320 163 936853804
1903 1295 153609165
1040 1266 805167997
528 293 961734260
2118 2135 400528065
1445 1112 308213375
3446 136 38030531
437 1653 968545067
2713 1912 451376353
793 2019 614255044
745 2859 674037987
3657 3134 340749397
746 1188 289203223
257 590 5151524
3289 978 714512315
1698 1499 441952811
1347 2191 68376430
2037 2401 413682455
3631 2814 585217719
772 917 327946404
397 325 500024867
24 3186 803463096
602 332 10046452
208 1567 133301348
3531 262 467921288
534 3198 350563183
2823 3117 526679334
3627 1902 527716288
2926 30 621722668
1784 1655 507709204
2074 690 109521854
1106 375 153643876
2885 283 283426921
2799 691 538785124
862 1100 85909923
3122 2787 916436465
1391 3549 444944066
2954 2422 111144095
2181 1636 365659228
2096 1236 713069773
2503 1541 520225787
1284 2147 806876383
2725 2439 876212931
1024 2831 558109361
487 1342 705545882
1963 1609 494542528
3439 1453 503508884
54 1013 262203725
2753 298 341102296
2734 1364 93453498
3065 1639 110544449
111 334 690417396
3151 2127 806382486
3259 3544 649615948
247 2621 647561037
1060 3754 124509164
927 1247 883788427
2202 3565 103222987
2891 1798 832322000
1189 883 559584135
1764 2774 490358358
530 324 723284417
694 3053 272544070
2305 3258 522297753
2493 3063 372889570
863 3281 728426100
1870 2211 780664941
1375 2858 471897667
2107 3354 598340037
3394 3692 901195678
3463 3705 674431510
1467 938 877775743
3396 698 507077347
3418 101 290283827
3750 23 401627001
461 802 470726186
905 1461 938500082
1167 2788 461411655
1135 2525 720536771
2209 644 978062990
2762 26 955043316
174 2069 526209217
996 3311 653238325
3281 3335 76272673
2077 262 280086506
2033 2657 229519323
1310 3098 666675819
1564 71 461767051
2903 1364 422686310
3170 1918 357428731
259 151 674317089
2428 3284 605480033
1818 962 287729038
3317 2937 578939476
488 408 499254671
1158 2663 522127772
2652 1457 106710172
2650 3176 913263549
1361 1608 204981353
1855 2931 470251063
1424 3059 49570170
1004 2141 357783857
3469 3335 265762347
308 1305 81912474
1018 2625 266092637
523 2123 144802903
3081 3619 108550070
1152 225 405082599
1931 2793 202911776
722 675 574293023
2696 2654 343826069
1760 1016 307425672
3354 180 517515042
20 1035 718404151
2293 3019 586112455
1430 3213 405198272
1457 3281 826665574
482 2437 359730940
763 898 486844554
1651 3292 415046523
682 2748 100374229
3734 2294 968075442
1603 2711 286649441
1291 1443 838791294
1300 1002 376658334
3381 2780 987166863
72 941 438085875
965 135 588955883
2449 883 741805622
156 1750 69283333
1572 2819 285941097
1228 1401 584953024
109 2651 490324789
539 312 791905546
2766 2058 321023385
502 3046 885737936
1841 380 395760812
2093 3166 594933196
2408 1884 684767658
3014 3647 149115100
2583 228 584150940
1903 1542 419021845
286 2133 897311856
3362 3107 481422752
1304 1958 293374791
2995 816 41494009
2091 3264 9700951
1529 141 698984061
1030 2411 590088773
545 2532 680337663
2887 1654 970501643
251 939 574316976
1915 2070 721287431
510 3130 173874270
2276 1739 239463611
1681 1477 46466133
3385 999 8978605
2151 185 51833302
421 2109 949474115
2595 672 356081641
1811 699 787416800
3451 1107 34995535
210 1445 503105967
3604 2544 963342979
1520 2848 507091762
633 3247 141649068
516 3659 410643857
300 1678 969574884
3315 3663 115274113
506 1882 733485736
2483 1886 514152238
1276 2299 426725091
2975 1999 805704809
1035 1378 880626273
2564 1238 971008145
208 3702 712893872
406 1186 410661074
1364 447 781997157
2058 1567 519939766
1000 3078 886053350
2928 2939 940275987
1813 2592 579256056
438 3129 222875770
713 1134 444776919
2733 3271 7741061
738 340 98654373
3686 1168 289359384
2804 1869 164313232
2273 112 762063298
1490 2589 718027487
233 952 284061400
3745 1145 60025250
1052 2072 412413150
2217 163 272077300
15 3567 460734659
3288 1360 979460317
627 766 475037857
574 2266 727108513
584 3111 268376062
1486 2632 366891112
1045 2384 945199658
1106 2636 290355496
2264 779 177919251
803 1877 742992249
1514 1327 75811924
988 62 599191537
1873 49 730929758
2322 1383 630921318
2110 1723 696428312
1234 246 151737408
3110 1978 880828656
105 3332 879544197
2385 869 509388557
2092 1031 661084686
1372 637 234494222
2302 3318 940758462
267 1271 577448316
745 449 700830687
3746 3635 939858884
1692 3750 364100618
183 1338 111183767
1811 3614 41574819
2187 1525 82235402
787 2379 832521704
3323 3002 647942468
84 2421 537793411
1937 922 214988298
1366 3515 363905740
3439 2149 568222761
89 1847 482881570
35 421 480239566
945 3617 225349149
812 46 451214518
10 2004 330319172
1610 156 694691486
1140 1557 148038185
1375 1864 344720766
1319 1796 467822803
229 1566 536818659
1308 1809 865176212
1315 795 697302198
3649 3073 754917211
1580 2538 961068236
1703 3648 477200304
1756 1247 691336395
3288 49 659585675
414 324 879701542
1569 1785 768430324
2418 3055 273576646
1660 1941 646219532
2911 559 926227611
1816 2060 357487211
222 357 962384291
1845 944 303295023
3014 659 774940867
1175 1652 818748152
2203 2038 912069898
1160 2830 411559226
2577 3170 755962771
2124 1777 674914503
888 981 589274541
3181 3737 510333686
2260 904 569666014
31 2441 528016633
329 2997 476014700
3306 3003 711589217
3702 2238 533215311
1003 2574 958416374
1087 2821 975627809
2547 2776 821258650
679 3309 592084238
3094 2818 910707529
274 3236 370901308
197 2345 458079901
720 2742 419830457
32 364 80022670
3409 2137 779758502
749 2661 496106798
1235 1435 781375177
2801 195 625911148
446 841 453412117
3380 3496 405825252
3667 1284 735329402
3652 1638 109102130
951 3741 833948596
2845 3535 766849990
394 3049 694422715
2926 135 594079886
3735 301 134879123
3140 1281 83505003
3308 649 956349117
1553 2749 259956521
2282 2554 19846653
2616 2981 913576434
3746 2847 589319957
1711 3502 193032762
3008 2249 41392390
3686 2242 93304517
2782 1843 88746274
883 2854 56209980
2922 1137 167882671
2662 1598 139934833
2351 804 689162076
2197 359 638811640
585 1304 3697912
2901 3663 968907717
1559 1085 604946215
619 3330 964381645
1709 754 982160818
1932 3600 501349034
3591 632 100281183
4 1893 44401997
283 1600 894283186
2784 3626 621363864
1651 3553 38010532
2009 1606 765018343
726 3150 899054569
1266 1720 466933932
3224 769 207362713
2886 1072 332047465
2757 3033 761447669
2643 3155 59054622
2323 648 309650096
70 2421 859553663
2028 3025 51995563
2605 2092 398551694
3392 2559 135183094
2595 1337 676976471
1400 810 847558452
3746 735 545562118
2663 1523 346790410
3691 2535 661409888
747 434 46294223
3096 988 6230385
2553 393 760051251
546 2756 906287654
2337 573 341033960
715 2013 313833149
882 1233 700616726
2038 1600 738865289
3466 2933 527747198
2068 3118 299315853
2509 1448 934231668
1255 2943 349711459
741 2056 657960977
2211 417 629135209
1670 2533 604955801
3446 3112 486985194
1503 1671 484082459
152 2508 963026743
1471 3620 111851219
3316 793 659931282
634 2321 550580635
1707 3479 429052208
3291 3030 145286234
1157 1510 419435402
2819 1419 389572323
2620 2150 402898749
553 446 334011741
2624 2291 898937424
2228 3130 696380054
3556 3717 968514292
3399 2044 234231302
570 1287 506847633
1804 1106 715638140
2549 3313 992432132
1059 3647 102066806
3496 1809 442892944
2917 3380 207802039
1609 2500 16893008
1813 2325 812313711
322 3041 191008145
3524 921 377274685
2775 1544 606730684
913 1191 749669583
80 1720 704231479
1054 3237 448071476
3392 1649 580466955
3754 407 672741547
386 2771 717394212
1590 1369 722012955
2823 630 690276397
1339 616 340473672
444 672 787545912
3373 1354 923707836
3091 1124 906637869
114 2576 659048225
3554 3156 199395084
2334 1342 267155493
1931 3478 939596368
457 3657 167783354
3170 3273 365183364
281 1012 524007608
2873 1239 328144055
909 1434 939226525
1880 1573 405752820
3057 408 275437670
2633 1847 938013334
148 1334 517906313
3583 2314 916177870
2141 2487 183500017
3430 2067 96494495
1091 1602 267347502
3232 1992 707368781
618 2581 952648375
567 2560 43416838
2618 1900 802472557
3651 6 703723606
781 3159 415722826
2928 3439 397357050
893 3478 716744985
1966 2090 974980655
2775 1555 798194119
3558 2353 52784310
377 2535 672407167
1477 3394 312825704
358 1907 149707802
2621 3400 949499148
2531 3272 937956846
75 493 455177495
1912 1408 720914737
1522 1235 188473250
1912 1704 415403191
1141 220 367744124
1904 926 744642877
239 634 484149066
1205 3388 326903382
1108 2863 740895524
141 2693 784875242
2080 1338 642609202
3139 1917 590369416
2032 3262 210961447
1335 1711 613662674
30 1205 754601096
3509 1733 918223799
9 3685 192574667
2816 1098 754643465
3105 2583 168393420
791 1496 579222960
2068 1923 885394068
1782 2749 937306821
3630 1278 891982041
2187 3721 487016586
1766 988 361852997
1229 2938 225732437
860 1676 366610916
2662 2291 465903911
1686 1133 198153442
368 3338 379821892
2915 620 34749662
1722 1269 516625919
1518 693 806766828
2671 1680 7495472
3563 2790 71983946
1591 2636 513646475
681 3299 472553458
251 1215 874063060
152 856 519930052
3608 3424 642460139
3483 652 287325061
2779 111 957146777
538 1051 629277808
1273 3506 533752709
503 1788 900614261
816 873 828019737
259 26 400775140
278 309 411267191
3335 678 153858384
2292 3571 380200945
517 3150 323695291
913 3369 158970637
2015 197 640074176
3240 929 403803447
237 2030 479138318
1452 332 592479850
2076 2038 911941780
2424 3651 742509848
3562 125 280115732
202 3086 982770902
1811 1423 875272800
3085 62 590852278
637 2407 809976453
1321 2392 912603252
3123 2663 109380696
1336 731 995738281
2382 2059 965684091
2849 2095 172907743
909 796 413789883
1657 696 981892905
204 347 379873102
3211 1281 97491151
3357 755 635370855
486 2106 271494917
140 3445 58664768
159 3410 190827763
2662 1360 628855883
2736 2111 433076193
495 3191 6738360
3255 2344 276770527
2998 2063 143294442
1737 1205 819839262
620 978 708791801
3121 2872 649053983
1505 990 993569593
3060 3141 347195962
3642 714 258918657
2567 736 594995397
751 2116 681922763
2694 1562 631439210
1639 454 373850597
1963 1425 823118646
1741 3435 97632050
3123 2485 796775987
1685 2431 251391634
1648 533 414135071
1609 813 255920986
85 3004 157983719
325 3188 653662921
2400 3342 612039174
2591 3182 556914873
2985 1440 615893615
361 1605 973462995
3413 1713 343151299
497 3561 945732676
255 3168 458710481
1006 1625 275841497
1282 769 271187998
817 2915 864364288
412 3064 236055711
2772 3097 669281601
1643 2669 984049702
189 2409 584517410
581 2530 920766840
3602 2762 522407592
3320 3184 479962382
39 2143 546273935
1900 3533 630562683
3289 1919 455589541
2120 1390 983973153
3724 606 882460292
907 2317 131392980
1984 1615 486667264
25 1084 367400140
3343 1595 648306073
2826 668 611631679
2044 3751 276867192
252 645 589098697
3682 2640 89929553
513 1685 931534443
672 2675 879868045
828 962 99642755
376 495 283102853
1380 2462 19448483
2154 1466 423303422
2626 2143 276117595
2168 3653 884864942
910 64 92965733
1983 1125 591151575
2322 870 317842132
908 2785 273418430
3290 2685 321493976
1617 1945 814686047
3354 1134 455624440
1241 3431 94368514
1082 2394 535579854
365 3211 520822818
2756 1461 674634576
1488 44 447151415
3386 3157 355469826
774 3132 452001266
3355 997 743280081
893 259 671888908
1390 1497 281994722
1118 3188 75073360
449 3185 171329650
2068 3357 648809733
1381 1031 78160900
1996 1092 495655420
1760 1557 859176176
2233 2533 645954035
3469 1833 365330587
2475 131 359995716
1353 1432 941040946
2348 3496 416853532
2672 1969 872247700
318 3418 774996741
3556 1083 93446491
2599 2560 745533954
2345 2769 798566778
565 1368 854498311
3725 1763 543340413
1335 2853 763668718
1537 2849 580324063
314 2913 558981842
682 2990 443884168
2838 707 699522533
1920 3480 849625794
2552 852 393789797
1476 244 730776975
1322 1768 223545826
2236 2428 524149287
837 1986 33963707
2711 1043 250611678
718 1624 546898370
1332 3679 747589530
1432 377 792606258
1880 1710 841967373
1988 3326 418014093
1763 2268 488009581
2318 28 818769088
252 1898 507015651
2996 1784 543716769
3363 590 579099562
2561 1323 658040202
115 1002 466050601
3505 3396 343766994
2512 3322 874079427
2434 2373 92792228
1153 2151 497672650
265 31 957737989
301 2015 117814822
2080 1812 847263931
1143 1299 58303503
3523 2933 301088501
2332 2977 247225259
1967 1547 16946083
351 119 79466048
881 2374 289310513
613 3517 664456290
338 827 83718802
2319 1884 324488746
438 973 140480636
455 2823 194877066
1803 2512 651010475
951 3058 776789767
3248 1822 252520148
491 3094 627264514
1745 2223 793259761
1927 2682 898486094
110 3142 55026049
2148 1210 753977384
2203 14 255441620
2557 2310 902928595
2499 2102 378938194
2404 1117 523895590
3642 1933 217192420
2362 2335 162004084
1007 81 481785457
109 3748 691329726
2049 1446 653886318
3225 1010 486194512
419 3559 801627662
481 3197 197301667
3612 160 688545912
2400 534 757185894
454 1278 534109694
2288 153 589527415
865 1714 524755887
2331 1624 112784580
478 2441 18616828
1942 1065 677312239
1372 498 74505298
2236 1172 656061550
2784 3601 197555818
1432 2035 697850696
516 271 96508919
2533 167 945118389
3145 2869 104923970
181 3332 548394881
1380 919 103911517
2862 1457 945887105
164 2305 805579823
852 2450 199521972
2347 754 804053805
1850 1138 884193790
816 1456 56281972
3235 392 992177107
2766 3567 945226025
483 526 44707730
2991 514 651097203
1325 1701 439675045
401 2551 128507834
2523 1255 626953038
2598 2258 203139300
2611 3042 32954342
3007 2516 865583124
1339 3629 617195692
1951 1912 692805407
2633 876 755774612
958 264 931460137
837 1226 609169684
1358 2845 389817753
2546 1887 156605090
3213 135 382710487
1691 1760 431621003
1229 2783 537315363
2293 2790 117309850
2761 896 640753852
945 7 603966590
2993 3619 970317112
3639 159 512649807
1787 2863 233730431
1781 552 195120698
983 968 671772185
3471 157 687138604
3628 817 349240671
356 543 55142370
1188 1494 242102013
388 1220 822821442
990 3565 985318263
1242 57 663907771
3493 2671 837571850
1834 726 914060114
685 2404 708171499
2436 1684 186645181
2665 1979 900308575
2211 2911 246651835
3645 3245 768126736
3359 1717 800960842
3628 3396 702775015
2073 3477 751608075
769 3076 870823370
403 1579 871492201
3362 3712 201529192
2813 1656 915120094
3362 1861 682977280
98 947 775831278
3112 3180 760563557
2792 459 286903855
2511 1278 513287468
2980 1348 280573980
2250 630 949371524
3003 3212 229832851
1093 3469 294881010
1245 357 330565516
992 637 74175947
160 1561 175553892
2473 1712 236069071
2181 714 232613013
243 3544 829418866
3300 1236 403918054
1206 221 164269935
2091 3153 32781946
1055 3030 96078282
1196 1012 993809445
3455 3731 776524087
1865 1091 147590624
1214 298 234994296
64 2374 580203827
2 1999 780315841
1384 2578 881529891
245 774 195573563
2958 2218 43079061
2463 2591 607940685
2076 1556 64186647
2923 669 149857117
1337 1858 461833556
2513 1648 640915844
2319 569 448075699
232 536 451691538
727 85 380330465
1706 3440 820857431
2898 196 483358366
2149 2470 400602537
1290 319 528395480
1141 1665 752007761
597 2658 390510239
1328 100 492648889
2121 2346 894145597
1380 1803 351719674
2974 3442 842934444
83 3392 635315668
2246 1237 586393171
2863 1674 746433863
2183 1044 721196442
1979 3416 520562727
2834 1418 613549491
3652 1756 362855544
1547 597 204926360
1750 1515 137654818
2528 1418 284647929
3322 2972 848592151
2496 2324 479683580
1084 2388 269767650
1140 2948 55354027
134 1305 76359357
2359 339 625484912
1345 1011 612970394
1336 3248 527186619
3725 1717 728865263
1191 3366 427062743
1909 1471 136186269
2754 848 871453159
2626 3083 326978493
3624 435 406108803
1788 2131 566912865
3464 137 619521154
283 1074 904939461
3295 3336 844528376
3602 1672 616941923
211 2587 883882904
3405 151 452661317
3438 3373 541748697
484 501 753654988
436 3314 67458244
695 1083 767027446
2703 2570 832660964
219 640 470070138
2394 47 915293227
130 3712 188542436
1475 3496 412365612
723 3323 461428351
1468 3006 469398111
2810 1166 649890880
1482 2705 426749109
278 3161 836042576
2963 2474 788729865
3113 2569 844673386
1571 2907 647834679
476 732 227570620
2113 1725 838319211
315 2316 688781595
64 1327 511030930
2836 3667 95985549
2125 924 779878022
579 3061 83543475
3023 1230 513633155
2567 581 648339613
545 338 309915944
23 1968 30158091
3342 620 495190776
941 3549 347545848
3325 3513 774049007
2196 108 826939066
3388 2065 224538915
1920 1502 10542420
552 3643 702278315
750 1665 506777391
3260 3416 350674778
827 1591 896509471
1781 3515 51058512
1970 1945 113880364
552 814 880004596
307 585 566898707
2177 1896 193722656
631 1012 823123684
1134 2466 852616064
2195 3700 373700523
1150 518 82443012
2585 3641 866851371
3347 2490 93084739
41 961 787169151
2933 2493 690391586
1910 1791 415874223
1480 3479 584188238
1778 2410 705710166
2072 2147 827409312
1828 166 934556856
1550 1171 452986378
1022 3225 135906942
1987 2179 695987819
1997 2575 650812259
1728 2193 45036820
724 1793 670264106
2637 1859 273081574
2862 91 767425190
3752 1938 398620553
1306 32 137162778
3427 484 66140463
3373 32 711440553
2666 673 5298375
258 781 738346237
354 690 564009277
3559 647 427038338
3073 759 612786276
1443 919 254859088
935 2470 497098525
1179 196 905169173
3352 2538 243069841
2559 2423 268454109
1274 1184 777686279
974 3252 471269380
1473 414 318260653
2526 2834 713950186
1905 1515 487013781
514 3262 602318606
2917 2053 609792816
651 3395 554223864
979 3319 317588921
2449 1467 396636909
911 3197 95182459
116 3273 247457806
2015 1688 312810393
3657 2322 698718620
3020 331 698354304
1347 3327 122963369
2035 955 335107126
2566 3203 299655162
573 1230 673162694
1519 1336 5896556
1571 1901 974977237
3691 3544 973686102
2827 1467 42476203
915 470 76454619
2438 2434 169366199
863 3597 275966427
1196 1992 192657503
781 3505 210138827
2117 1639 99023621
2028 2341 196894213
3131 610 792996802
896 1542 473694614
635 2217 369949390
2346 1977 773514081
826 183 837906672
383 343 150577209
2260 1127 493784827
1433 2728 4159685
1930 557 245531612
2401 2616 349043116
2635 412 151770374
3418 63 619638778
1937 2835 891903577
3315 3546 510366131
1030 2848 272855047
1580 873 700540313
3456 2639 660530069
2103 3142 849346102
2923 3190 458672890
1071 601 815065496
1733 2278 712191842
2482 1262 677565728
1093 244 121090478
692 3375 970366030
2535 1188 925364032
428 1110 843470539
552 1039 71574678
1991 1111 552307070
1418 1347 631592961
579 46 458166401
941 3558 364612945
458 1967 532317092
470 1980 169545743
3001 3126 105171306
1012 1834 353276715
804 381 114261858
3321 1606 322443197
1108 2121 640744329
1034 1373 55396227
1417 1259 178985618
3413 3049 676171978
1995 2829 738096112
283 1952 556263807
1934 3634 197187623
1059 2461 317031852
8 2663 144252089
3702 3253 54292268
2361 152 194169781
3488 1746 541716691
1595 3572 149231970
2549 1776 432861136
1157 910 268359856
903 1652 19475624
2106 3688 614116205
2239 681 94050910
3432 2286 384630698
1074 3333 22643755
533 600 196157300
2502 233 983083119
934 914 750510726
1917 534 957173031
2690 556 81285138
3080 301 722578533
3146 1572 222723504
2690 3410 267916977
316 2278 561488246
3402 2809 275467331
2723 2236 947099793
712 1360 165236041
3535 3540 698216341
3391 654 494945816
200 3302 633873708
1722 2038 745880575
231 797 165303088
1497 1979 588412161
86 138 66946983
163 2496 612241050
3333 3222 368136343
3460 2523 853960403
1603 199 667705140
1572 1983 342581856
1825 617 487667202
3347 1260 851416588
1040 219 946786531
2762 3680 809619428
1021 1755 699577288
2520 2391 890998488
3085 3458 353923982
2299 3142 77572237
50 2297 572361028
3713 429 165421396
3707 2125 27418420
2680 1311 474871329
472 3643 752770501
804 1342 100174614
1732 1731 31443496
1243 1146 714315927
46 3067 44370166
3708 139 526907631
755 3716 645823495
2358 2858 615030161
2657 3199 715929587
2384 242 559196760
767 406 53302431
3452 3170 605967863
3561 3438 320950812
3114 362 165235352
1981 3363 849125835
1748 1248 881215420
3326 2368 962701118
853 2292 354878889
1264 342 744229432
3502 227 61023005
3637 3141 977720721
2864 1590 470957818
343 2508 896005659
2194 1668 418882710
1661 3472 669993677
3719 2593 11673674
1029 1662 278991498
3036 290 711206260
1895 791 519856012
1178 1169 878603660
1890 2537 499200466
2236 2693 641356548
1239 3348 900546307
1941 1763 87127068
2837 3340 812566116
2515 2422 237069792
297 2745 987049119
1654 2071 143939006
2721 770 725314733
2911 2932 181275714
727 132 772944524
3210 3082 616957063
481 2260 895197798
3422 1311 697760376
2632 709 274596122
1391 1430 689031324
3024 905 59174908
2201 2724 215875205
2593 1068 693096460
2751 949 422861152
1040 1753 763537541
1332 1364 676646937
1040 799 436304874
3478 3098 946115268
3716 1710 509179006
2817 2722 600685732
1146 150 576031675
3146 2117 934350686
391 2130 565069509
3173 2818 701967441
2650 3658 169755323
1646 1932 181180350
1712 976 773432692
1451 265 53566143
202 2328 326258727
2267 3708 865221702
1103 2667 538603991
3449 3106 670582215
2063 1654 871493451
316 2648 249094774
1641 992 423856082
3602 49 853397478
2572 1716 10962901
3545 324 661562169
2982 528 934945445
1213 102 269499361
3236 189 162489873
1328 2226 757320236
763 3527 470668121
1537 925 246759915
3190 3445 421007133
2139 2303 101182170
107 2210 731241791
1126 3334 934143414
2104 265 969076279
2702 3283 667300177
1609 3517 439541425
3443 2147 940383537
2994 2296 131971610
391 1321 899773131
1451 331 114944842
891 2546 281215204
1986 1514 963516465
946 977 443754723
2448 1639 679113385
2678 2790 199560542
2196 2750 488390207
1098 2477 315946106
1690 2958 231846211
1080 2998 717517739
1307 3325 725788133
2106 696 469588014
308 3346 472138834
3717 462 645180390
2907 11 223577147
3100 1382 257582320
3259 548 550555525
3693 1141 803300848
3344 868 765117761
1596 3633 482416241
3654 2422 591277118
1372 1464 84010560
204 516 530079652
3306 86 88350293
2055 3084 685054217
1920 2375 149812082
1770 1104 203295888
2534 1490 242968743
1366 1996 112904899
719 2396 508605741
1449 2318 910953016
617 3179 31763403
1441 633 768709645
2442 1194 266984005
3617 3157 420103297
2498 3074 158840843
2439 3164 968753005
2920 433 708022072
792 2537 458947782
2489 3269 522489013
3429 865 901374105
2246 246 587818718
316 1279 314400491
2030 2941 42475380
1509 2270 348763487
1107 3162 346362605
790 3598 152426761
3171 3469 335496587
2865 1554 282520275
3358 1437 309421432
1638 3341 581319586
2680 519 207255042
2673 2758 812705552
1150 1888 502796818
3020 1385 158669679
891 3231 298785712
3367 2818 259522648
1828 742 421255455
3144 1447 597149376
3705 2964 166280827
3284 2686 686073473
372 444 228856860
322 3368 169861321
3189 1828 912723170
3507 1745 845821133
2426 880 421504975
2715 2049 573731661
2604 3151 327947602
3087 1903 174143273
3404 1761 883345977
460 967 482307177
1443 1525 485715514
1573 1521 386008649
1835 1065 73237163
1178 3611 373159562
1877 3391 168441850
2235 920 546516412
3730 2019 848564976
910 3551 852952682
2695 2221 357673040
1786 2204 184582265
612 3028 337000613
3599 905 836027629
620 2838 376880599
1587 3385 389182299
2864 74 987622267
2124 3120 841895809
1274 1924 339633703
862 2232 254881135
2441 935 57206678
1160 3376 876707134
610 978 800378261
2477 884 360682286
718 1754 325387314
1765 2354 611792570
856 1955 455092325
2495 2914 824351530
2336 2817 895328576
2955 3378 436285338
2194 3445 876042260
3609 3631 372616198
2045 3610 142900443
2216 1672 947937922
3074 135 929441781
1125 2583 880202864
1445 1209 286448591
2068 377 658874009
2787 1022 156426166
2759 2234 681124907
1508 1412 178861857
2367 1262 816011892
1762 2122 594996362
872 3679 309386992
576 2733 586642477
1067 1629 215687454
1467 874 785096616
2949 3079 546461491
2257 1346 297920805
1150 2493 90109114
2304 2498 496964346
2856 708 139496948
3517 1821 994207365
2322 744 891206204
1347 3083 396798939
3513 3574 287274296
1054 1719 611947842
2543 2805 524504740
32 3476 425494375
3528 3134 695110573
2537 1829 837917101
3165 2945 539813763
1619 232 646091528
379 2356 240860578
3442 3476 343197274
2196 2816 738877509
1368 576 331779095
726 3756 484833730
963 3542 951655664
1432 2621 749813577
2665 2488 669547552
169 1047 793876762
1062 828 687742245
1304 2274 237960987
3441 699 336770483
490 3425 699789024
1363 504 549793412
379 137 316040172
1540 2187 808033394
828 2631 84212356
2173 3346 498140169
2791 683 411767152
3591 3323 977197578
1425 700 413130942
40 2542 919444038
157 566 415342353
776 3615 233302593
3697 3008 608152164
59 1524 75772566
3524 3674 375019335
1938 1035 534393124
1648 2042 845044362
2881 971 471833438
88 3167 744920668
1751 2004 236701934
508 2337 262580930
3399 2960 789081314
2322 2354 582642698
2281 2902 566622924
22 3001 218448678
3387 2703 936878316
3339 2767 284468597
2036 2315 739428989
1759 614 172403423
2694 636 299492244
3017 2312 814589422
3113 1487 235731122
1547 1835 437782410
864 2396 505354679
905 1148 509005697
229 3403 895816414
471 23 572335061
82 2973 539601524
1682 2635 583724960
2913 419 385022037
3716 3054 984210812
319 2583 235808780
1843 1462 126728427
561 2391 509980881
776 2710 687718171
1621 684 826100663
3349 3470 519521606
2026 599 644187567
297 1502 869795918
1647 2023 268226184
1186 2227 381808836
326 1777 965574115
2525 3684 239396274
1041 2760 37901184
2122 993 488940768
2077 1618 316312477
665 698 448907168
530 1458 413698627
3557 386 534135102
1266 1628 361093112
3461 1578 42899661
2316 1414 600399319
1655 1151 223928799
3045 638 478267165
1884 1263 413470191
1470 3666 452214133
1635 3707 388643230
1989 2798 868113897
3041 2874 905542249
2717 3430 441482918
2889 3719 936622672
3051 1871 123296260
3158 3004 213862337
2447 937 263245215
1495 1272 142841425
705 2986 798266348
1954 1614 290811726
2072 1626 536834056
525 3187 309339754
3649 520 986935301
3447 2928 575644524
673 342 643980838
1006 432 997695
246 2009 337891586
2200 155 977825481
2854 2660 595328184
1998 3260 118242263
1969 390 797019168
2809 1774 494805910
2209 2244 923742240
1106 2929 201575517
458 2152 929029682
555 798 406162094
910 378 881406606
1594 2314 296727377
244 1744 237925908
1473 3422 134259300
2387 1319 216127143
830 1990 252824821
3658 1249 477865618
868 2941 605236058
182 3336 653473641
748 275 873148823
1902 1530 926566204
3382 2074 603949276
2355 1920 689686344
1756 285 634489950
3383 2113 787796413
864 31 397766121
3114 1713 981568615
2100 1365 165177162
3356 2056 877930178
225 2680 624386923
2199 3022 735435462
1287 3152 702085086
924 3338 396899722
1922 712 414461979
991 3053 496644755
1453 2196 299941045
2655 2885 451898767
1531 1588 65010771
3519 2998 780207642
355 3313 676277462
1650 1815 899244934
1230 159 898857604
1595 1319 341639477
1746 664 650793543
1383 1213 803457809
2311 1732 281089069
3401 3336 742124768
2908 2554 766574946
2503 1733 611191178
236 861 92285610
1333 518 65730778
3010 3436 555604398
3727 3414 26241415
2836 2107 147564628
2032 64 407487593
1715 615 5748155
1154 3033 961917853
2149 3504 491175685
3656 1471 281682753
830 1802 839681158
3434 2182 115059950
3295 2268 764950097
3118 3447 677364913
1000 1227 320581067
470 2052 546387631
3172 941 259087461
2610 439 407136222
2263 1313 252893571
28 494 880878747
1614 2085 732155670
2053 1852 880180090
3183 913 278246087
1322 169 582371090
1441 132 87222578
977 1729 473988247
1251 1579 924182616
1515 1233 993631594
3721 513 834930602
2747 214 753693368
438 2727 534730850
540 500 789473004
2993 856 701940114
3751 3547 638795621
687 2798 407499431
2608 3483 894104495
2002 2285 489537760
1558 3606 323912215
3740 1082 389725003
13 1862 347246488
1785 372 875018315
1997 1978 158769285
77 3465 668351693
2579 1787 131208333
3169 653 780948471
877 1546 994384676
1291 1130 52831067
16 3707 599117655
1416 2849 781901094
1817 707 96726887
3123 1849 770412227
2616 759 321084674
1699 2557 400410619
3709 3182 610413503
2198 2366 704473356
1158 28 707312462
2435 1357 183639899
3486 3321 439910066
66 1893 942456899
2684 806 939944295
616 1637 14124696
3188 2303 461967147
2587 49 823021418
2505 589 492906701
2401 2218 421206956
3733 668 519658340
3321 3542 247399688
1971 1419 761417291
3325 3234 986253334
3134 240 348849655
2657 2445 297234183
3743 538 794069920
3636 277 762974602
1504 1112 914117725
783 1067 709287300
3135 1650 453964726
2861 897 926960955
132 52 948072837
1917 1873 6548870
3527 2667 209820997
364 3746 122559551
2228 2058 290809101
1542 3675 49720117
1505 2998 491602462
2101 749 459593151
1687 522 693139539
3441 3488 310196554
353 1086 19926367
1812 2606 542864495
1907 611 864586429
813 901 191252836
3093 961 305450380
3349 2069 428874618
2677 720 894874151
3376 66 18940618
550 2256 108544692
3521 2597 224122574
3685 2986 360361019
2769 3715 135962869
180 1148 867216675
3353 3631 422324492
2713 1910 955024351
1538 1339 229007790
2366 3677 55421074
674 171 986935020
3103 1770 450175702
2019 295 900908290
114 1370 131206103
2919 409 776800083
3375 1580 636823499
2559 2940 584511287
60 1252 985142565
3740 1737 429480510
3172 2183 709291928
3068 3356 241258946
3187 2788 837491826
1857 2191 548768878
2953 2829 502304014
1600 1735 467577378
1354 1040 822861923
3227 1426 121352412
2782 3505 419105628
3591 726 459357329
1507 1010 94858453
2994 2577 304661387
3338 2660 870120089
157 678 65933
603 509 656589952
2203 126 580431730
3380 1245 491431611
265 2042 986612822
1899 460 845769432
3664 105 376654393
1767 3180 808618418
3373 606 79104905
2861 1871 622760710
458 2303 11290805
3385 2322 329500430
2212 3678 720383265
1048 3599 289450300
2102 2163 734197526
3211 2409 992038952
1299 2416 445498992
503 195 928409326
1520 399 594908290
2324 135 70091345
19 166 753743034
2660 116 182612401
1833 1188 365877469
2942 449 255064210
2768 311 258158010
964 2610 884036216
1328 3045 407135215
666 1709 396212423
3186 3094 640833189
671 1180 394354692
3069 220 242905816
254 2811 749047113
3560 889 402312964
1139 203 686643746
259 1655 255295997
1342 583 911905576
534 3478 3649177
2673 574 978539106
3711 2323 394414778
2112 615 280219584
878 1226 438310424
726 3164 704827696
1123 916 925602690
3629 3319 64084149
1295 3526 72868414
2389 1464 223904577
47 3715 4477781
913 745 713919549
1565 2768 593229453
2218 3256 222735728
76 2759 156593781
630 1028 609255560
3111 2941 121495324
965 1949 161633670
2700 2083 657948227
1677 2485 285891022
487 439 980439778
2610 1978 164355706
2785 1275 180445925
3437 2939 59749172
1470 1740 454379733
2393 965 734715124
245 1292 160139302
3144 2412 824867095
3176 3125 893090976
694 965 811020124
3139 735 176998221
1425 2368 480875262
2745 1205 992942643
288 3303 240608467
671 2033 731178102
2153 2816 778747905
1492 470 568811682
2353 2092 442856881
3304 3519 329306946
3401 2078 596055070
3250 25 346810324
1519 54 368919474
1625 3348 583136018
847 1589 373776718
3715 115 435506502
2094 1652 207194752
214 3351 483632358
1206 908 95852568
3306 3291 712514510
140 1279 791534829
1878 3178 532901922
3298 1029 215592353
3520 3388 495107628
1187 1753 181129532
1269 360 281972501
2396 413 846265343
120 1178 210679018
722 1977 908707125
2278 3495 490105515
2743 2541 116501373
1909 2437 722595823
2545 1704 676820369
2244 2181 689602470
3192 1676 405121581
817 161 526090048
3597 528 871995458
2840 2209 342838433
3401 2030 723388428
2091 1772 974684408
2355 2350 916888144
1295 3530 772008909
3018 288 741936757
2959 3424 566087128
2886 3510 902020238
1445 227 301645152
1820 3422 234311448
2620 1585 217521087
1699 2939 524807467
724 2779 840866672
1664 884 2073012
1223 1282 398428042
483 763 669447874
732 2853 266886515
2878 966 173604073
741 693 13065082
2471 910 173659331
1966 691 350172154
2276 3264 958937347
3590 777 840061663
614 2573 28902848
3191 3234 31362146
2611 1821 989247540
332 309 148544861
1467 218 345969494
3246 3314 974090168
376 300 476852614
1731 2523 174800989
2568 2020 247264301
3170 2001 154357499
1472 1648 515698380
32 1122 983958857
3597 270 198676544
2232 3539 426308874
3368 1172 100448250
2971 2353 64801774
3000 2104 972741900
650 3383 425164521
773 1500 566934084
2430 3397 133657965
3127 18 261288833
131 2528 460986260
593 1874 22502957
1287 228 17829942
371 2203 781221095
1355 2616 542452172
3113 2582 788181577
2600 2100 465645904
172 1731 525471325
3380 2944 641045818
2291 2474 133991148
2515 628 764223949
3189 1246 41665042
3131 1266 573841491
160 2287 170261355
1613 3244 299229808
3473 876 864346711
250 780 130389702
2067 517 334510953
2854 1124 611675750
1900 2788 741967781
2540 2435 601762644
3142 1522 928277454
1413 2808 520026527
2368 2290 168840403
1944 2768 633714074
2945 2745 6850627
1600 923 352359029
1945 3568 357401103
1117 1627 535428871
2003 2048 407075875
1896 277 613163114
2697 2889 125621027
2030 2730 681335958
2861 2247 944897984
2863 1429 663672382
2577 2959 953356136
20 1123 124404737
3476 508 658904407
548 3749 575222611
3683 2199 595345301
2054 960 935878415
3667 229 154882834
2605 2053 335876598
3603 3281 981791164
601 392 300336591
3478 2337 243863525
13 1302 438715500
3707 1652 350780263
2478 1645 166021004
1873 2668 554742935
3634 1088 148095927
911 3530 738413109
2854 3609 39105562
2516 2832 553695770
3074 462 23564191
1808 558 431022455
3281 2581 285958853
2119 1049 845972958
1214 1062 202210986
3535 1846 476448798
3475 1005 80469263
2126 1025 858578051
3639 264 712412512
1430 2269 690320128
2528 1065 708504774
2658 3299 484097807
1159 946 657121643
391 3676 88940069
1032 387 158302313
2445 2328 722015438
598 405 676418308
2855 2184 297046887
2891 3171 678325114
2599 725 828479321
1669 1829 421434766
488 1788 387013257
1891 80 812256230
3169 266 754169710
2547 299 429641561
793 3389 168181903
3160 783 916481927
1984 3075 76389412
1397 174 342291075
765 2720 126004543
1366 211 838758087
3465 3712 169731559
1449 969 717873396
2844 1090 938237142
1468 1767 163988025
625 2012 729615040
821 3095 167338279
3490 3231 398413001
2747 1118 955002607
1160 1418 743039303
3645 2441 25815406
1399 550 689883903
2995 1247 412080592
1592 3692 257816509
3346 3082 599586499
578 2344 267989878
2872 1227 659436231
2935 1541 641823752
3414 906 98529997
2917 920 125478312
2621 474 21256451
80 302 283823444
2176 961 961178118
244 2772 756897858
1848 3107 661871147
1109 325 592743399
1632 2465 671064566
2106 293 30164485
3275 147 117241888
1769 3067 64714353
1700 3502 886823470
712 989 883376578
1254 809 533470304
321 2916 822690277
490 3648 621732522
3222 408 424092679
1798 575 246020951
961 800 597765547
2174 206 883028126
3535 2797 241690465
346 2298 646414163
1656 763 141482842
1761 1037 349362446
197 1858 916233433
1787 882 204133892
675 120 558360280
2516 695 734119459
3203 3098 131637625
1514 2300 173557541
1189 946 41959711
736 1629 534135503
1433 170 88890422
2233 1041 218627363
3510 2492 74689
720 3239 434346599
1487 2561 794131050
2470 2709 103097207
2099 2287 556126996
1422 3412 828979904
2744 2262 568789778
2533 2748 569425473
3224 519 762784236
2454 1508 186127879
373 3570 745799471
3642 1517 839857190
2176 1356 296140678
2558 3435 961577594
2388 234 977079102
295 2017 155355443
1003 1959 138930846
2716 326 525014952
2576 1071 89191110
1207 490 843435970
1031 1150 352290859
1620 2501 369906704
2628 3479 782029348
573 872 874663657
488 2903 353049671
3725 865 609101113
41 3361 860798642
1325 259 379845067
3233 825 401970560
959 1032 314645967
2850 2144 496675730
573 3637 32068905
2228 3531 545805959
1301 2169 972379391
1938 393 107803139
1344 1117 77879708
3713 2276 772580798
814 3180 232408421
2794 3562 346100916
3200 2438 139943716
929 1634 194749313
1109 431 737010301
3515 767 862319733
1426 554 689707429
2056 345 224174593
1892 3301 973411819
1010 1437 86332228
1444 1660 443259560
2993 690 645925893
2118 1320 818658797
649 1997 270279158
1967 2151 650267211
2411 2507 951750143
1274 1547 150263411
73 1123 719351349
1787 2869 405573086
3296 1950 926381175
695 3717 508840567
2641 3166 101389338
2938 646 502387595
3650 1405 170865521
2596 1606 778421145
1444 1715 223757190
2898 584 716100533
2007 1182 3120557
165 1942 925443621
3656 3721 540512987
1159 3127 276231135
1272 2284 691073904
64 3443 118409705
3424 1017 103259670
134 1398 374672274
2658 1150 816649113
2651 79 990525973
3052 3189 901250926
796 77 507031925
1561 11 100606094
1627 1227 557336386
14 1824 426495563
2554 1882 618915787
773 784 783518652
1675 3532 857999272
1160 2268 139594732
1422 1579 101051751
388 2262 955211534
3241 2468 148892895
1217 2765 429513153
388 2722 575137589
1839 3569 639131763
486 258 619841303
1609 2947 541214416
1830 1031 687905407
3406 1489 752312119
2731 602 404560213
1384 1356 933634452
2758 3282 81802016
278 3719 506660910
668 1739 745692582
1920 1186 326881311
1826 3006 90810940
192 3225 791361273
1628 2743 502805315
3139 1369 725132233
2903 1931 380723321
3606 3534 206860376
1245 1761 670758080
1160 2363 830498516
3398 2894 113099562
1540 2420 330786716
2485 1201 490857217
2734 438 578165883
2629 3631 559013873
1134 1215 57483104
897 2136 219065414
985 1125 103090116
2296 3095 255388200
744 2219 618843010
2380 1408 232732892
2165 3120 315559318
2947 400 625276768
2343 938 430670590
1770 2902 304932912
299 1313 653187913
3569 859 338323573
1720 3020 110189482
1577 3301 909026975
1103 791 800644641
2161 1418 834642378
655 3378 197400317
606 1318 798870174
2645 699 808786802
1410 3339 836437428
2245 3275 502416125
149 2890 906838291
1737 2943 457779271
2302 3001 485577849
3685 871 666028919
3164 2582 674673888
2524 3299 74193057
242 1383 416746400
26 2757 121714185
1951 1253 30461811
255 2086 413257553
2153 909 594263
2374 3612 156631726
3020 1215 572769947
1424 967 935301035
1506 2860 948392917
2506 406 238737584
3407 1007 811444878
1614 3383 980295086
59 1013 665395167
1277 972 374307167
2733 1528 955682893
806 2854 227178800
2038 1386 30216478
2296 346 78177417
3512 338 333082252
1244 3142 509453215
1252 2092 45471233
2180 2501 512580866
2133 1856 144456630
2821 2988 210982146
2270 3202 619730253
2294 2317 924090887
2645 2651 410293225
1567 3032 468768617
2784 480 521215639
2043 3231 667601919
1271 1548 608802865
493 759 634698626
2784 852 771159493
254 1650 749182317
53 3299 64479542
508 1444 441714063
7 2396 455955947
151 1369 472776029
3323 3415 50308573
384 683 765042661
159 41 702829091
991 3306 880256498
1793 2293 728441283
54 3431 906889977
2401 3449 932857982
942 46 188207362
1169 1700 762617064
926 2322 950157049
3646 2566 459171373
2805 2316 824052520
1700 417 448044798
3297 1287 494426213
349 1374 436579568
1987 287 361813944
944 20 583163411
1257 2943 291782147
2642 1945 326889510
1463 1826 79076195
673 224 653543948
2813 3195 948598423
3098 1631 812350933
1732 2194 508293233
1359 438 630420209
2491 2888 267898879
2004 2346 890847792
355 2775 585142533
2618 1526 979080596
1709 1486 69684094
2940 3544 245382431
2273 2062 370923580
3477 2267 73695194
2399 220 323100122
1828 730 353624489
1798 1850 282055045
2121 3205 369301962
2970 2992 38371629
1418 3239 988176583
2670 357 901833712
2171 266 189862657
622 2776 989713940
1538 372 117002008
193 1002 647791696
3486 2471 740544872
3231 3049 628583234
2503 649 984442438
771 1077 334151743
284 1474 25063952
3253 2746 517151505
3434 3464 858595369
1642 372 117033886
2837 2491 808167142
1220 2569 134801421
2584 2099 529261430
3262 2176 253556084
966 2070 260921477
1998 998 345609799
2451 473 204847321
771 3757 818253172
1481 2754 748496921
1051 3043 932390039
3117 3601 976798391
1863 2625 450327898
1737 784 944089235
1740 3495 465794714
2164 2803 206549183
2027 3627 788203685
407 2796 990496293
1606 3721 685031717
3494 3560 105806860
1994 3269 246949208
305 1366 4692524
2693 512 569666589
206 798 859757722
259 1887 580846043
2723 3190 664345258
3113 3209 164658053
848 2495 343462248
996 663 900419420
3478 1518 2921286
3470 815 742470885
687 3474 421973759
2534 91 975200638
1060 103 462246279
2471 1744 102814663
2830 2014 684448035
356 2531 91635905
1326 174 579403195
241 3032 944945379
1366 891 234164236
3041 562 309230053
1941 24 205539055
1654 531 485921914
3204 2128 507705102
116 3712 122621329
1943 3364 207309872
282 251 369269968
1312 622 403454940
3047 2539 632021742
891 1644 220703356
593 379 108113519
1214 1936 870337707
250 406 324925840
3598 2726 234949061
3638 3441 546537538
2460 316 787521636
802 478 641569317
3159 3562 494642593
1081 245 323750380
891 3674 291503165
1271 984 140468314
778 3084 664604732
1878 456 615399582
3587 657 904831610
2071 2910 830304415
844 2607 252785618
1354 3760 956942720
362 1718 496267603
3202 1799 491531679
1223 1936 843499022
776 1240 273304975
1853 1002 138003944
1458 3006 815962705
120 3714 990966110
1949 1838 13342208
2969 3369 206576319
2610 926 743110276
893 71 729769307
487 2133 961711783
3007 1257 360637146
3385 3260 686571179
843 3249 132355493
1233 2752 567047146
1863 1829 775278285
720 221 537466774
2154 1106 814687581
1025 44 288778120
756 1277 794015056
3733 448 120216064
2208 1250 793716345
2952 2276 594292550
722 3220 344767913
3089 494 124552310
213 2391 892728988
3675 87 196792381
776 1440 50003432
3631 1287 415465110
501 1192 356901392
1032 1559 568355447
3601 1676 518868707
83 1236 923767455
1553 512 937103582
364 1709 594322890
1189 3637 231655023
2015 3277 26391224
250 3558 265641171
1476 3464 742913386
457 1024 758497275
2901 2235 812493924
1800 3582 747152029
3677 141 654407461
1655 713 412185697
690 1436 227024860
1393 290 285656396
938 1571 175571470
2589 2937 747913767
483 1314 686437015
2026 1531 167676193
1456 1956 452127470
681 2945 531225137
2715 3013 470851769
687 1339 459244492
450 42 252851254
2377 356 430193972
1917 456 132353986
1949 1665 12979852
2464 1178 794303547
983 2978 77787565
619 2144 354729124
1140 7 687810479
1619 1806 266654583
1920 2538 276548756
2438 1600 332129466
1090 2176 343109540
3504 449 18571174
431 2257 336174375
268 1015 492939495
1346 682 51814442
2915 3008 679010010
1877 1239 679054737
1780 2596 440175478
950 1141 257220133
297 963 191929089
1541 1133 160073412
2170 547 962826811
787 639 732722418
1092 359 595742918
2092 1027 645860883
577 1582 684796537
1991 3548 107217570
3675 3355 23101769
2280 2914 202638067
2211 2450 71014995
1851 1668 641722411
2991 2413 380160698
983 1938 747280966
2363 2414 824155930
1050 3290 399288292
330 2701 52054073
2775 1675 152229390
3751 3368 478245250
3577 429 174966032
3188 771 399751930
985 1925 610911269
1292 3013 342343115
2099 817 985841896
283 3451 75382969
1373 1336 389810195
525 624 382760745
3029 1123 262104176
2330 584 560505305
2103 1145 999908308
2347 1843 771117649
2614 3425 272224288
659 3522 905965061
3490 3703 264091628
227 2279 505188647
319 1091 931403518
1643 3004 300374743
2356 2795 96434754
1551 3076 410460092
3703 1191 517688561
1928 1662 656331524
1165 1819 522793131
732 333 309112806
858 2983 705906691
1445 494 883925447
1646 3734 192793856
3551 2305 292457791
109 2208 148012240
3461 450 377164984
1150 2219 705785615
3421 3554 335246116
1209 858 419451816
2685 2392 440065958
3353 346 776949787
273 3638 312192172
1085 3059 194402992
1067 2394 544704609
992 1842 42993069
3249 1371 755665307
2523 3498 550697084
1865 2929 576655300
1530 3464 881776410
1575 3643 219331009
241 1317 362204436
2351 2658 726025554
2531 3067 29340897
1890 214 472946476
488 2099 449969249
1306 3488 95407191
2321 1143 745701593
1239 2260 624847222
1946 1925 467060740
3571 3055 67002231
1724 1378 694612306
266 3693 373580374
2345 3505 561665553
3743 2937 176321065
1929 1741 789133290
3218 905 367716968
1856 1050 154829355
3385 2933 104707707
863 2618 844285777
520 2659 518374748
2544 1096 269564907
2109 926 455554348
5 1736 19376459
1227 1314 396908839
1318 325 769572979
2911 3708 85674228
371 965 550980352
158 2959 969360318
3375 2207 989230371
1490 868 328443736
2816 600 774933738
2529 970 573900625
3294 2968 190221500
2196 1308 749740699
3106 2633 52049164
1494 670 944025398
1125 3697 159413199
2589 919 649421376
3184 3253 367220797
1104 3053 449267206
3607 252 956358440
1113 3497 826571434
1224 159 249984966
2161 2488 744590801
1535 3607 411375675
1469 1900 999405122
1623 3239 888762878
1824 3340 985517989
1190 2074 164463037
154 2081 385080136
3447 3093 725809818
204 3008 491166355
987 2662 597194469
3662 1963 65680583
2128 557 594158803
3107 1385 1614655
2806 879 42779797
867 954 763119540
950 3305 954343974
1986 3428 133984003
2117 2283 83293038
3229 878 260303
2938 934 89541197
1182 2246 885892811
2857 3021 425893076
3235 2242 835265080
1113 2439 674941351
221 3300 277444291
2122 1382 770328467
1406 2810 657739684
2306 1789 248320141
130 494 166926308
1439 3306 517233206
749 3546 33581334
2790 1686 524082179
2667 1560 881792267
3132 2215 44670903
198 2129 468269104
669 3399 333593552
78 203 605994632
2584 2722 364315243
2474 3504 930363510
3031 1351 779087751
1899 1996 783934365
3651 1098 509140893
1606 2910 655171919
232 3311 416128270
1984 49 579853034
2583 1058 837961996
1679 1282 832425216
1847 948 268912072
154 1995 490390720
3210 2833 725646176
2123 1646 769514163
189 2199 453499939
3557 2019 410486229
1291 592 544005579
1989 2693 521492862
20 3344 866903761
1348 2944 191934152
203 2581 266483555
3544 2688 72205593
319 1194 285935864
285 2491 275765321
2855 3543 659079403
142 561 193090759
765 3152 118403884
1188 2899 490463112
2301 407 335073498
1488 1596 405861552
1883 2417 292970883
463 1792 727106060
3080 2159 216313375
720 2850 686601846
1271 2611 738171672
1154 867 444114026
1843 2409 366260618
474 189 371542098
2080 3282 473912687
1372 3708 576959993
3206 998 313975495
1490 2495 560038526
765 1216 506441244
3701 2134 753816333
3354 1537 563139052
713 168 631733007
2669 1510 476544383
3163 889 111054912
880 1031 759152686
1985 1042 374924344
957 1775 565325588
3582 2351 528029684
2433 145 810063263
1004 158 324320788
864 1492 755767174
3380 1118 12025442
2926 3230 387907956
297 506 933704704
3745 2075 898724654
2470 205 970784229
1525 733 295321093
266 351 343671314
2786 3154 265891508
3543 2518 98332996
1898 66 108451447
2548 2103 507764253
3125 1499 17423938
31 1001 866951005
2812 2427 647971659
1907 435 236428960
3312 1376 647966870
1853 220 897901113
1697 518 2610105
350 2820 626317260
1103 2332 632158294
1535 1176 201574579
114 3135 292071405
230 1636 835751271
1171 993 559597105
400 744 781905525
1096 2334 857861906
2443 1468 982566043
2223 1027 406838650
735 973 649120163
2231 1413 380709022
3016 2419 260158013
480 1480 450171042
2421 2132 461436306
162 3182 291645127
2990 2617 650700591
3754 3207 90601299
2174 1998 182351818
805 1108 481280901
2330 3069 723340079
1215 2323 639623778
2694 3004 610069294
1664 176 971325772
168 1981 680254613
3056 3216 217002962
415 2456 241959441
3554 1261 717264062
2145 2869 705358237
3282 3568 166499616
1601 1905 674294995
2927 3712 513062883
405 2073 655218834
1132 2809 439794523
1566 82 986094614
2686 3363 453806776
3451 2179 290968429
3393 1932 148440897
2159 3430 478735980
1314 962 332835212
1334 2141 394373206
3332 534 17113144
1050 1354 91691549
2719 3515 161484902
2872 2205 628430590
2616 2617 867087466
3159 482 419197476
2241 2591 47043477
193 2744 187713308
1963 157 691115530
3218 2080 843328642
1181 983 835989565
439 2586 482823276
960 1525 900679945
1836 227 659040630
1280 2557 522550867
155 3287 226518636
808 103 534997090
3323 1726 185728593
3403 2056 428131193
2697 216 54971714
2919 240 931979
1075 3168 992674571
3257 2310 707099113
1583 3598 252427289
2359 76 919442
1704 1355 849346296
2071 132 176373209
704 3089 734267368
3741 3419 743522990
2656 2569 168153489
2865 228 382536404
1465 1692 797880440
74 3433 983067840
1116 3526 357018337
599 43 478563089
2000 1631 33570569
3547 1841 793774974
2051 2718 315847667
1413 1780 240184381
92 904 850437590
3462 3446 984853921
953 3142 113957066
1963 705 84615258
1099 3525 98827543
389 1585 644010027
2347 2362 814104183
3082 1927 601677512
2587 634 99104305
1203 3421 523630721
25 2455 781985936
125 545 10969521
3413 3451 344520900
2631 2525 249179896
2497 995 921566205
206 3635 295363426
2985 3350 403508511
592 2609 118244270
1579 3139 756505191
1299 3705 440253460
681 3217 711452940
646 1601 764628896
3471 3716 60563046
737 2368 677501520
2907 790 910954739
3626 3058 369169696
1432 137 207021529
1231 741 661636720
3447 3388 258768082
2382 646 289649166
2552 3367 425372720
2086 2212 903582953
2687 2837 391064030
3438 3144 478684852
2103 571 891500906
1433 3223 10254042
97 1518 814268755
1722 2998 361600206
680 2860 825666011
2885 473 884573739
2865 2650 900964029
2317 1702 735850274
1339 1042 321199996
3080 883 214273235
2169 789 503716671
2340 3751 831025725
1109 3444 287311403
2063 3489 750523113
2020 1752 194849142
707 1480 987948395
2743 2669 242312834
3752 2951 624315982
3263 2668 988495226
1112 1547 777764213
3216 2171 76159805
2367 3756 854328920
2306 2817 182917267
3 964 697776986
2284 2032 373353906
1719 2645 973836413
502 908 141017923
3456 1990 815347962
326 1344 795647345
1381 3425 435211532
2424 1946 631395701
2669 1976 832351438
805 1050 423926319
1323 599 966855778
3365 3346 619743980
3068 997 550476917
511 2222 157870805
161 2591 87953890
1659 1199 309259439
1653 2279 705837307
3019 1250 188938320
1052 260 286350877
3715 3381 877823532
646 1981 15636923
2778 1965 206722202
291 230 909556321
3225 1738 448059312
1966 1943 644513535
1663 2986 299468065
292 2791 110416596
692 102 722128722
1335 3126 491125534
3203 1200 641541000
2264 1347 129137700
663 1904 250598084
386 1627 33014602
774 211 340811479
2586 2693 930667302
892 1037 271335429
2211 3042 749547101
1590 1654 628814185
2381 3074 242722470
2267 138 695863919
1077 3164 101011964
1464 618 26396943
149 2946 918475458
1437 1304 457704282
3036 258 377537247
2314 545 689831586
2396 3615 458483582
2553 2087 6862751
1383 2117 332056898
3264 876 817349415
1228 2347 898119542
2096 3205 774363713
3237 2864 244631332
544 2379 757866534
61 2106 526804001
1910 3282 177482536
3523 702 725814118
1646 3470 860322054
1262 2665 492037914
284 1545 512888813
1984 2471 690389849
1802 1688 146958362
285 3561 721094617
2787 1407 441012153
88 2413 815991449
3559 1618 822781999
885 50 843383264
802 532 952100663
616 2454 426466901
3353 445 685139448
467 641 811691007
1605 2266 806689302
2503 2284 891374815
1714 2865 583100649
92 2343 37973860
2376 709 736157811
2847 571 211510275
2663 263 882090645
537 591 925127645
1487 2846 126287690
2322 176 562041275
3350 1712 764323316
1013 1590 967853736
1131 2886 192942360
235 2773 301657814
3632 1524 95517956
2909 3089 193293888
3231 2096 247349345
2608 3006 935896548
1497 1355 438476609
3099 1694 488070482
1623 3407 465034621
2299 2776 600751524
220 3093 516464949
2583 3672 799045262
3592 2912 822967592
152 2369 111652100
2079 3345 366132992
715 1856 823156602
3392 3249 229714388
2083 1433 370544850
1741 1441 664139616
3569 2739 172010745
2621 1844 462486904
2667 1555 630906097
190 3424 37432392
1279 441 544623557
2874 2830 418456534
2644 523 348800514
3271 446 745066855
1481 3171 481242145
2329 3404 42096983
958 444 975974563
329 2331 314894727
16 1995 556688500
3715 1673 697490358
3302 3602 229173269
2054 208 725476362
1699 1211 566839833
3171 3489 818593761
1239 2515 616888964
2561 89 311602420
317 2632 153376984
625 796 535165575
400 369 759582065
1991 709 527184330
2207 1600 858772291
2523 733 761120806
1155 3691 814207612
1955 2343 386295407
3244 2899 974316916
718 2575 777013618
394 182 958301513
3683 3394 387405858
734 1387 326650000
3671 3186 709053629
381 19 437874869
2222 1063 568753734
585 1087 872923301
619 1988 288182929
1275 3413 342840838
901 2804 373614278
185 523 496929128
1662 2754 615255644
3202 2454 112860180
596 114 918124792
857 994 63465322
1112 331 295012634
2940 1006 531782568
1693 446 271444170
2634 3235 824982994
379 2746 19837769
873 2404 75699110
1228 1092 586980308
2567 1059 856614712
228 3407 902128066
1931 157 472219049
3275 468 127537221
979 3650 770223573
1922 1248 19155049
2288 2997 480968563
90 322 569508774
2920 2902 921076862
3507 913 158896942
3148 1247 343506714
3744 1387 143140000
2425 3517 899382903
1927 425 479210370
3688 510 199119825
3418 1385 122981389
883 2235 163764133
848 368 456233436
179 3208 112585252
524 64 176508465
144 2246 583079137
1128 3662 211297270
1871 2996 74849819
3601 69 390632949
647 809 809023621
3458 418 492232419
1734 820 618017579
2755 1549 257258629
1875 1068 49343773
2886 1287 330936502
812 3523 845691249
2698 3123 278659928
277 1386 525956520
663 2818 498264497
3550 1343 549600507
2917 837 387827091
2424 50 676387571
2174 3107 491540183
2626 1059 368897857
330 3108 680552268
1295 325 724194765
1647 749 982726330
2507 900 272478392
2006 556 469846638
1495 1688 955253803
3192 3240 339031223
306 3020 259698040
565 733 687875406
2829 2385 522143985
1232 2542 806093375
1892 746 386473196
1747 1508 61268280
878 2579 783545818
1539 229 44906122
2568 3085 413264438
1333 2015 906728577
3348 3588 252470931
2457 1108 111448381
757 2067 235141758
1507 1207 424714745
209 3211 450203809
3575 2470 31208325
1996 558 636722021
1265 3175 454662606
2854 1402 93008858
3165 2683 6131127
1671 1951 705645526
3632 3749 936764151
3687 2560 572551055
1888 789 223124136
3118 51 807948340
2155 2675 246811031
1254 380 663900829
92 1123 796587068
469 1499 290625711
3211 629 487554611
3260 3646 758484713
3329 917 606890683
228 662 24156217
2312 3086 805931683
1326 348 974575654
3547 3565 215123198
2834 3026 777526504
2415 131 920812392
1291 2895 185016975
2188 3627 507859602
3588 1093 945726055
1604 2525 803175676
311 3425 893683179
342 1463 182336336
363 1695 340474210
2620 1347 34169831
1056 1803 849511453
1604 1902 63689135
1752 1707 606733789
2069 2425 424671290
2542 1280 192355218
545 3126 820241196
2564 1592 244001963
2389 3322 445579356
1239 2059 773335238
2012 2489 143933199
2426 1587 961995207
1979 792 417452694
928 3218 422839433
2527 1286 125735120
1433 3492 376740855
3314 2899 842425823
2602 983 808238264
1551 2462 82388139
22 77 540827923
2039 3533 335584898
3515 1455 840960156
1829 680 594620985
3241 923 826464476
3557 1961 385527592
832 284 195400934
1609 3606 358034391
1426 3065 506180045
3537 3718 903752175
3166 1182 616433433
1314 500 654633644
2017 1925 906451233
1988 474 900403580
790 226 57591456
2624 1011 37579289
1879 1504 904544265
90 1412 483749009
569 1851 174164676
209 1969 747671565
638 246 820501056
1602 4 417241714
1869 2024 345069438
889 3397 623856875
3681 677 761598723
851 2867 596836764
3699 3045 542752315
1732 3324 309802137
1959 1166 689022553
1166 3083 217864367
2726 2541 40227763
1421 757 919866451
2022 1360 314853281
468 2667 752961001
976 2353 641927824
2473 2963 901324031
1826 1537 765597853
3061 212 414914243
3424 324 328255262
1540 728 950400478
2208 1917 797313497
2232 3703 738354463
3398 1787 309417600
2311 1071 413539873
610 1565 201816115
88 149 156681698
2061 2481 441203139
2285 939 32479125
2169 1867 300907478
1358 1361 812975615
3612 3427 391982038
3161 2638 472475914
331 3528 642295586
490 1437 488818103
1644 3481 780266106
3459 2021 440323911
2664 2795 923286206
2763 2433 473999145
3746 3237 382207511
740 2435 995740770
3207 31 789685173
1585 1159 929325804
3378 390 862940726
1684 3146 53035641
2044 2520 947284132
2545 2885 411789086
3563 307 497330513
1271 3480 903227169
1923 2782 813514637
685 2873 116966464
2179 244 397212551
984 2418 564480279
2962 2792 545604343
3 928 169306848
1512 2009 212441945
1026 1005 649926184
586 1812 671467142
1565 3501 776946875
1367 1901 152769911
2328 2609 125853104
1994 100 696228780
581 1927 947062159
2607 565 133174836
1159 3371 81033364
2265 3634 198923903
3636 2111 569092537
2814 1400 868675504
1118 1031 534119573
2618 2051 518256964
1531 3554 886828293
2079 2881 765838042
1670 508 100510395
1757 1849 460996572
3159 3187 345268542
501 220 499054477
3399 2485 747596474
3255 1538 381230962
3032 3313 165667126
3182 2640 84991623
3416 2539 882554817
1554 203 231650920
1603 2489 243173816
442 3016 272595522
2524 3252 274059470
1973 2873 41095660
3699 1014 724825597
3408 729 117136234
27 1560 568281327
1302 2577 483228472
2872 1772 238717858
379 1043 865573159
2349 2591 837173700
3587 1536 97492797
975 1490 122236781
1502 247 521029390
514 3023 861268841
1593 1795 546662641
3680 3170 471949715
1044 269 385908482
3696 2668 682154547
1907 1214 318458727
810 1934 711755763
1590 500 450198093
1734 832 784699633
3269 2452 55275411
980 3078 244323324
1366 1942 736332192
2604 1214 915932868
2423 1551 148828817
468 3509 328067220
2796 384 766622147
371 725 815553659
3071 1592 224873238
1137 2340 176438562
1400 3216 469436760
2305 956 718445713
206 3278 959861427
753 1549 288176641
3737 3345 414945499
2849 1993 18355053
3750 3555 55708550
3332 2747 339888454
2008 2522 279085411
3270 3157 196897018
2989 1516 825117306
2331 2190 780241203
2554 3417 416405013
2611 1029 25001081
2693 2733 728045802
2419 3224 534485666
150 2754 53131931
618 2811 186300912
1603 1838 332858154
4 2847 643905854
2912 3317 872935325
597 1603 442610275
2984 2133 329411132
926 48 881326476
2856 1626 475461843
3602 2211 169160185
434 3346 140443478
2056 1612 814872072
189 1551 240777887
1717 3664 17413161
1081 2672 617157298
2780 2320 418540489
1529 1140 917398296
467 1529 617415535
2310 1113 922131393
820 144 849359815
1242 3352 487809620
3089 299 782500452
3235 773 126135320
3397 3588 506537894
699 1335 957555845
1389 723 892529588
2333 3548 561793579
3070 778 178032999
549 1171 485350690
68 2725 77129998
2715 2895 285477689
2929 72 754032399
1575 2089 851472258
577 304 479049449
3217 3165 807054090
384 2283 864085559
2134 1820 234638016
3752 2871 324401310
2923 2190 995918112
2678 496 953818753
706 1624 358736796
666 1096 962236961
3045 3585 814583724
3385 2065 590324990
2880 449 278509140
917 460 766668873
25 1173 93190277
1594 3583 718439494
653 3491 236015781
1577 2546 145560967
2597 3531 72706445
1964 1965 656301470
2871 324 991111060
1803 3404 547679649
1236 1789 658665529
2517 3062 416121790
3387 2715 985891846
1926 1043 754150549
1275 570 544304195
980 588 619088617
3178 2962 865146624
965 1823 936261639
3521 3653 298702014
3070 3124 599055606
1714 1077 593690773
1682 954 684255079
1470 985 918955578
2087 2792 124927145
973 1539 882484070
554 1916 349615806
71 817 194294300
1361 2186 980154455
61 2144 932679442
2514 2480 555501554
1560 1215 796663947
416 3182 645942317
2661 796 709678512
2222 1247 750743010
1364 1653 645370439
2707 832 979320817
2353 1640 752853321
2855 3232 212203146
1716 1036 164749579
1104 2450 617282095
909 2234 204565934
484 360 767409516
456 3445 385964651
2516 3673 909798037
2428 272 466575842
2811 1512 609983674
3470 2998 332758766
2305 2739 711387095
2204 2231 23919995
2022 509 187620655
841 970 107580670
3137 2263 411750354
2208 749 24053061
3534 1806 730554644
400 931 192074535
1722 313 239151331
1820 2968 860288411
3648 2126 521130125
2748 2229 253562310
2422 2403 437997314
2897 754 255273550
211 387 562767290
1199 2983 205524250
1471 996 648771056
3464 739 292319957
800 2145 182828399
3264 915 48981118
1107 3264 344061988
1885 1491 125815081
3710 54 253364826
3739 2684 728105881
2548 1180 839948406
2645 3066 926005920
620 2345 89474550
535 165 976191058
1568 2894 91577985
1290 1238 986682674
3267 3129 269511468
2272 1534 316101650
2593 855 452656454
1511 3252 840335175
1411 2839 545273858
1554 1717 704719192
3095 2577 890674906
1209 2387 694998887
2785 1847 368655717
1117 1840 544607456
1790 2746 298345974
3122 1149 706765812
906 374 600817217
1906 2359 457201990
1568 1690 824781050
2012 496 443877906
3212 648 202136733
1855 3479 711748947
960 803 186887055
2611 649 983259371
2926 2000 890637629
417 2312 722773871
1071 1031 157164590
2920 3064 697834900
2512 3357 945132181
2074 3032 749259493
1326 3403 853992053
3351 2933 123700696
2081 2021 163969167
3740 1090 196282765
3395 2956 814754301
865 762 912590826
3177 1863 258328960
2451 734 219495106
1094 1518 245339278
3298 740 969610737
1716 691 699482372
1561 888 969073261
905 3629 486549684
2890 126 171591861
2954 1861 936605941
2607 2147 335994697
435 3636 375749644
2610 1378 441728494
633 2073 545135032
2563 3569 203227627
303 1441 719805132
2695 2549 169563268
599 2007 363848588
3283 1809 350504811
782 2932 198030989
1193 2470 275293513
948 2828 998224798
707 3076 964317888
128 1229 544169494
807 2641 974725408
84 1563 480372022
2301 1460 538427661
897 1102 79019435
2239 1773 363165532
1802 1170 449071389
3605 3351 877024741
475 3248 509844716
3362 2105 58428599
1191 1069 443341338
135 3756 407504503
2515 3203 119292060
599 1735 296088099
2627 1513 525417823
3169 1550 909702386
1731 592 188009873
3751 2528 886524120
3176 2929 506894226
1676 3747 860108194
3140 3535 664564470
1782 1284 879368898
2506 626 702609049
1309 1647 314331445
633 3150 124547397
1675 1314 962598334
3333 692 910518911
1269 1242 300782649
1376 1066 557515177
1933 3519 533679377
1416 2105 473609396
1116 2572 828500870
2944 1359 842242421
2944 2297 970927561
3124 225 142009457
1954 3240 275830896
3597 1826 680412682
2159 248 645985679
3495 582 567517191
2384 1663 543724944
1948 1423 991735524
2993 932 500613809
1587 979 393805926
433 2798 212814498
1180 1924 644625914
1379 273 91208377
1743 2762 649446853
2877 2434 559103755
1683 539 291889405
246 1529 531767936
2008 1709 857155483
861 2088 792369422
1836 349 323208034
3308 2296 829360911
1236 1769 770095526
2797 1989 165622850
652 790 191408125
2321 2026 191231255
3042 365 952421449
49 1541 606013597
1510 2725 493525268
1829 2642 367680675
2687 2460 660435672
742 1471 730468234
705 3150 407926194
1846 924 561163819
3396 1268 229852738
2542 2829 708122427
2886 2964 749601630
3249 1880 242249202
611 1413 865525783
3655 2044 234382402
2716 2625 232224282
3509 604 38363053
3440 1957 836645964
2984 1336 128172357
3232 3747 131296477
2 521 670229495
195 1199 12222770
628 3584 962604402
3479 1556 241385957
3030 1222 827173270
2970 3725 241828678
1234 49 729568950
839 3545 532455519
503 1469 758035761
64 1091 690122768
800 3759 182801430
1660 952 917205037
2795 22 809738925
1395 2258 533082766
3187 1606 556136498
1015 1875 75560422
2784 451 804736871
2224 1548 91862447
3645 2794 859742527
2811 2051 212552498
1042 3027 610778992
2114 1543 771604380
3120 2081 624453708
1490 2494 567465256
1645 3745 494464968
2596 942 602527629
331 1005 30727548
3006 2511 947915119
904 1927 506660263
3483 1021 958972474
2815 1386 749450743
1641 1614 697384992
1846 354 717894341
3196 973 557246234
3628 1920 966447561
292 2902 773737118
540 3273 451679491
1270 2224 9959504
849 2642 785060957
2300 2925 313983749
945 1613 271181743
2686 2069 593069573
1258 1990 754722924
2365 2045 644882898
1039 2030 788740340
47 540 355445479
2061 1079 412224443
1405 917 763647948
2019 3462 34445233
2405 3231 764989012
482 1170 377082519
3246 3581 633789902
1324 1092 535928130
444 773 393181313
1111 101 463046142
2091 2616 488135885
2058 545 779532590
3655 2959 552324596
1205 1601 728311715
2378 89 158187872
625 606 453764797
68 809 869092270
1780 2051 601783084
3514 1392 359187832
3490 3648 721628112
3274 763 662034753
3689 2792 938582729
2223 587 268035726
2922 1084 295153748
2724 1763 812128236
1100 1357 110652889
1076 901 288873460
1002 2874 874312324
2993 392 139326967
3753 3104 743923973
445 3390 385245738
769 951 849000139
3638 2152 875140187
2739 3500 88053237
1551 3319 846418878
1028 397 35450105
396 2653 391451277
2475 1499 660867972
2907 2651 189404909
514 2221 709735737
1935 2815 669339671
1508 3287 733696661
2373 2217 326829643
2696 1968 115636501
494 2175 236258026
2330 1661 680642158
585 521 448914822
923 2022 459863571
2886 98 972784483
2465 3048 600183196
3341 849 15762030
1887 225 598694282
574 1303 207555110
3311 3537 780394987
2406 614 163953853
3378 3155 754995944
2765 1439 303841502
2118 3652 422447193
3606 714 28798750
1146 2793 940419813
488 2621 608080317
3025 166 194271747
1900 901 552296915
684 1328 116791677
1321 3741 197073906
1290 682 245811365
356 3746 672487036
1138 59 243655391
1624 2647 577150246
2398 1335 222203550
939 2822 711268766
2566 3363 618901668
357 2933 319259927
1315 2156 396142377
259 2809 969157748
2134 3089 313760726
2391 1129 355467879
2827 3328 207781496
3023 720 455938007
2436 2122 600081566
1733 1827 964381118
919 2370 231219869
772 1059 523280059
2850 741 921327123
286 2968 277860107
2875 1192 395309774
1927 2910 392738858
2867 13 411615291
2526 3128 187429230
405 1985 735850196
2354 2100 124937273
610 3479 208927583
164 1326 387201524
2019 447 887459032
3729 1734 818380328
75 1773 114771282
2879 1873 316337987
574 3601 211056591
2144 3426 884128123
1861 1230 20153049
380 149 678003871
690 1827 905691282
844 2550 450550453
757 231 976935016
565 2438 333849031
2459 2298 597005995
3451 256 858277005
259 266 35733562
177 3172 587959624
2858 768 656472128
3329 775 678439319
1024 1160 537142877
580 1784 974306522
1821 3608 878434688
428 351 326288165
506 117 667036394
1990 23 112691215
1006 98 301586107
1717 1600 535478087
986 1468 240781327
2607 5 21526472
2465 297 796218667
3572 3267 37565129
2583 627 174050463
971 1435 289658858
3668 767 896022656
274 2465 103880914
3520 162 507212229
691 459 674921909
320 1928 132762892
3311 2213 600681133
295 2235 708079595
1968 1308 149306165
228 1923 270085594
2477 2094 241390978
11 1509 681982714
399 1556 987468221
1546 3363 61645587
1791 1223 161307732
3351 674 840666414
601 62 380051880
119 2527 103196342
3626 3567 660835241
3304 2453 973849309
3045 3727 93945210
613 324 91547558
1204 2501 574643560
1590 3214 929446167
2966 1129 37332389
1709 2191 418574231
3363 1626 593346148
184 1983 571684804
3549 2568 682785284
2742 3279 668173881
2353 2619 806075189
2104 3693 329706199
3486 1139 864260454
313 1337 357727376
3550 2774 297972004
2730 2121 910620597
2117 2804 579789839
1654 3469 74996941
2136 3125 16828452
3363 1038 781488239
130 1743 830215794
2755 3748 399236161
1730 2612 622527291
1121 2017 591987786
47 3150 435353434
266 2794 575242973
1488 225 966154004
1930 3688 44625552
3001 557 485473149
3356 1194 393642896
2452 1944 922156194
3067 2513 77708332
372 885 619386904
2941 3502 366534826
767 2905 426351108
1322 281 671093305
852 1390 989059424
867 483 463351177
904 3029 806468218
2277 1349 849577803
1719 1356 7734445
3631 602 1988695
3540 834 840032621
986 3264 64475386
1626 2242 14550525
2295 540 536954117
3351 1050 36029640
2525 2191 374923970
1666 977 107848272
421 2492 998008001
1304 50 935676928
879 1308 343957810
913 1602 975116011
2147 1495 545179622
2046 1273 438106039
3682 3491 423464727
3470 2968 816722798
254 1574 781720388
2241 624 411532788
1844 3701 179003500
1598 2174 322128402
3270 2028 67895938
1964 2 943060877
1172 3259 542790275
3544 3037 394090341
19 2748 556447103
2012 1714 263916132
3409 2682 848708641
1906 769 891134213
1734 1547 391369650
1090 1085 293857677
2783 1244 274860728
810 541 742556078
3463 507 413156074
3600 2565 919976698
854 1917 609133240
3735 320 181437045
2714 958 327914701
2378 708 412678844
581 653 969045699
1576 2979 300642557
3604 1977 724508844
956 3518 859935257
2283 2645 554401224
3055 3324 470738016
574 2529 394124670
1543 1619 59268881
1830 3688 785707293
3280 1701 154052784
1201 2426 390071935
3134 2888 93772303
3279 714 719915035
2534 2575 484793053
1818 3506 884544949
799 1226 207914210
213 813 842157827
2143 2988 406273412
133 1606 361238473
2873 1874 917861103
482 2783 598216461
2670 1176 552968196
2961 915 218951455
1088 1269 452405861
3288 2468 924986491
2026 2761 90144826
252 1039 138969555
2104 1756 258535047
2809 2228 725820165
1801 3175 885759837
3736 2394 43537273
2999 2975 293136582
3590 3197 415339468
1507 1662 127649345
2497 2177 614006845
2329 1717 616730753
2962 2500 991022770
3024 2487 158265786
914 665 816805221
315 744 861677059
3740 2895 454058418
2056 2544 849119219
152 3405 492433613
1786 3311 567479961
952 3094 301105994
3376 3394 266199609
643 1170 408408285
225 3602 284186729
765 3038 501571509
1528 1801 955534616
1476 1320 365730678
3421 169 984926965
1049 3547 956406133
3286 185 790387876
2995 3365 596791793
2764 919 643751875
2736 2501 452734141
2355 3165 194946968
3296 2657 28028161
80 1089 278091151
3711 861 867134456
70 1356 412007123
2405 2738 436790647
2872 2746 545856514
3131 449 488748490
2873 495 819752534
2451 2729 743242562
3207 1941 420305072
258 2647 926195992
1273 3740 491628736
2208 2886 565104903
3427 292 840554482
2559 3278 837526221
1564 108 184315456
2770 1412 871115977
1441 3728 579102337
2889 604 248969879
3508 1852 919800746
2710 1135 735842121
2274 3676 136494618
1637 1745 995180534
3528 2597 345056486
2303 2725 580583903
3555 1363 129037024
355 829 189594803
1643 52 6108646
170 2839 806160245
1504 2392 515975717
1400 1808 14798994
2903 1209 869003602
3105 812 352010303
1295 2831 309852302
2471 862 491782685
2879 1531 444287260
3004 3582 770989795
3671 3529 54109364
2876 3164 724287117
3326 64 733335637
709 3175 638909022
1161 876 146664832
682 1580 935908287
1808 36 391259901
3086 2415 868237274
2132 3702 5134063
866 3617 717796778
1156 2928 820500928
3389 2827 671570686
2268 2723 3048410
900 2202 144164030
210 563 687704868
1437 3647 23876383
1872 325 297329021
2940 2044 758800328
2537 2262 707633773
735 2130 476371809
2924 3138 954486936
449 1309 38199194
3018 3541 670805600
3254 1292 771257783
1788 2187 866088687
1030 615 12220289
3246 2356 985373111
3622 3046 73559542
3448 774 341976024
2212 2771 132647754
1822 3375 737968057
2488 2521 821689487
240 901 718665111
1378 2503 929197132
2059 1806 243860262
2939 560 681831098
1361 384 184351710
1973 1604 853369762
3518 549 212882362
1586 2627 923309797
2989 2519 643690990
2426 1489 914403965
2187 2112 659932773
1557 547 789984180
1989 749 120478422
2573 3425 867465028
409 26 391608721
2308 135 185316323
3303 663 43592085
3611 3650 688041662
2766 3217 90645082
3634 2677 299450157
3390 1248 285809554
2339 3180 384348614
1307 3520 664660895
313 3000 186288563
3647 2449 418026049
974 1842 715406730
2766 3082 755697987
1695 1772 652044611
1911 68 854379499
300 3486 202604223
1246 1933 986814554
1377 3269 796650032
3357 2892 282218419
1646 3313 459375967
1307 3616 120777198
3621 1620 555059251
3735 3009 272275853
2564 1883 305119128
2485 2517 427397994
1426 1705 296552726
604 1252 29353022
486 1459 165585864
1052 371 789905087
1395 3664 31890103
128 1619 408377840
1208 3387 955085703
2231 930 125882767
950 3502 538961423
2014 695 248318607
1036 1684 191743606
2854 3188 169282620
3315 3198 349909804
2894 729 646163831
391 1651 844512469
3096 1423 310303684
552 1896 307112568
412 1555 279562548
264 2723 875994787
3450 3526 58108216
2699 2989 792769913
431 503 604679066
361 921 193380947
2006 1296 474713592
2815 1047 118083212
505 36 987009446
1582 969 822983294
1804 903 944916973
337 208 457859890
1245 2605 578632997
123 1340 779210100
2155 792 815752774
2845 2857 984928579
2151 3556 591827464
148 642 463963375
44 3431 960081658
1617 56 536343983
1887 3534 202829903
1019 1361 251235896
3595 3541 92176806
181 310 343299571
3605 2660 83777575
3174 2448 325587170
1104 1128 711525356
984 2388 758529071
912 1783 427392333
2972 2981 83287700
2196 3428 487465506
1029 280 167314051
2669 3232 605706835
1603 757 738400321
3671 77 394052290
3592 3539 294939324
2421 1192 354383456
779 2901 487657951
1969 3240 753227094
393 743 818795556
2338 585 360463927
879 914 558257149
2012 3057 282280372
1333 2194 323057437
1216 78 327987815
1438 3247 202335410
3727 2849 119020650
1897 107 42807126
3255 811 859408940
1651 1758 951610452
492 3380 376660262
2151 2 798948558
1493 2563 459533184
1328 1126 100224925
118 2733 29552603
1272 2486 879115895
1987 1716 194375640
533 2202 582275334
1405 2492 767467775
2951 1575 617711518
1913 443 752493357
3543 1364 505715040
3281 3423 533550884
778 988 713966750
2014 3104 79247878
3539 646 457999585
493 1820 647143493
2839 3078 187846104
2883 1387 521617943
2016 771 260661325
2829 1205 616320874
1019 3375 955546226
726 208 316631324
55 2714 892298494
2229 1781 644311761
44 293 333487189
2751 3448 752212744
1430 160 620422040
1865 2044 408379302
914 3236 619428064
671 971 764996009
2259 1726 406748102
770 2820 486823161
2436 2740 875020586
2835 2614 672461985
2673 1737 77507006
1005 2844 506882517
769 308 305452469
3560 2932 845128289
1632 959 213949684
2701 2116 229135075
468 1934 134652513
3151 945 396701379
1039 3121 703575468
1563 367 463317790
1637 1191 793916586
1366 2754 428346935
2714 3518 273448314
3734 2701 27492673
2321 1424 354236654
2798 2802 683172094
2996 2075 574144071
761 1997 327658129
2503 1030 288649697
1649 770 279846719
3113 2668 127641245
691 37 385448674
3730 3524 218695701
1285 878 714926849
2359 3117 271864227
1216 2048 946257958
715 2309 276097619
568 2768 98141691
3163 2982 724357719
2886 3261 474618770
1251 3067 563847509
557 1036 559624777
979 2887 423280337
3477 1522 670177247
2272 3093 966594167
2494 3570 127174926
3470 3381 484776808
2062 278 874629785
3434 1100 446636746
2732 265 359715047
2539 2572 458342772
1366 409 576563469
1517 3674 318749269
3483 3646 85140240
1425 1743 924290582
2245 1540 314158862
2301 569 421896097
1003 2455 681106090
1465 833 428186131
3077 3448 704682349
2449 268 748260110
3080 87 341893703
2761 71 359410711
1202 1304 101649691
35 654 92160349
1399 1423 473840999
605 3452 674337508
1052 634 624817231
1985 1884 200242670
2614 52 591128845
1555 926 42282081
2927 872 631550310
251 1887 367635184
2557 495 10047364
2239 2307 95954126
1694 1547 657059207
476 1630 741067568
128 3586 507475711
3330 2607 484820917
3715 2570 921576139
715 51 240031912
1361 896 616949186
3253 3592 513381435
1949 2971 667970034
486 2912 993205019
2535 428 893306839
2154 2068 116179222
968 2351 681339500
3281 2280 253479646
1430 1518 161565754
528 2022 675395002
2318 1488 135029958
1713 1933 184220526
986 199 635045194
3487 2636 441173870
322 3344 960888393
140 3312 60746257
632 3435 999363919
2896 854 859665325
2709 276 169128783
2371 1240 785955335
3537 2093 989307585
2290 1745 667305912
376 2479 951267754
3266 1579 218908965
2264 2711 381668764
2579 3052 846357477
387 203 677437081
1903 814 791466745
2836 1602 952849583
598 1759 525942334
2138 3373 413958888
2293 3070 817860496
3396 3437 411725000
2122 516 993449677
274 2585 572726602
564 3249 748356236
2111 2413 650114607
1109 1621 998143947
901 2149 773146814
2419 1482 126098778
1118 1158 33987177
2525 2929 399260377
1045 2680 181051709
3084 2168 843241651
2728 2828 198450556
1517 179 963492950
1927 3222 595619118
612 1682 663905625
3617 13 486766599
758 384 104518586
2904 3038 408847903
1500 1828 722425645
322 585 665128222
262 577 386857242
1760 1551 607615018
2743 63 499472625
3005 903 354392981
2986 194 942395158
3055 1748 698524250
1943 2488 63569708
3132 2995 859213555
2873 646 973844600
2241 1531 335588437
3639 2932 822751035
1991 607 172749106
430 1167 682307394
1933 1602 324034937
2444 3347 758630091
379 929 60217596
1866 3477 832702758
93 1647 252861070
157 364 885592972
2383 1459 960407825
624 2640 774004088
1376 1186 298574012
968 828 950073249
3198 2007 781311017
1339 2177 60338707
3028 3283 826112678
430 269 485230862
49 3722 354535255
2148 1433 653795757
1075 3623 867253148
2693 3181 840680085
329 2677 823347158
2017 2595 297128939
3130 3150 804468454
3035 3363 472764958
183 2603 409361746
265 1954 642901193
258 627 816873734
1294 3484 734581160
2320 436 859101286
2629 2136 916034960
100 3143 412171175
2250 1578 117636624
1852 586 631172839
3656 2642 253282693
953 2238 307299963
206 2144 859334886
796 3517 50161555
503 1633 881952043
2601 3391 97234531
2775 724 628019282
2183 1206 546095240
3188 2944 746600237
382 1247 390924048
2522 2158 683274230
2544 2287 193480547
111 545 428588400
2136 2856 573724847
3598 629 779739703
3674 2348 872449209
2419 2516 14063162
2717 2275 138341355
3323 1016 93518585
2646 405 682622155
3365 1420 49815851
1772 3463 593298434
1672 1400 229373901
3359 3609 528644038
2579 1545 836393097
3083 2524 104146145
3162 123 552860512
1962 2819 396562658
54 3651 123814787
643 237 599269581
2239 2831 488875149
576 3725 322349373
2890 1499 444972471
2569 554 854448234
635 1895 761144839
3115 1671 496283881
101 1104 804880354
467 1566 445019373
3541 526 63793845
2212 2952 785749703
3741 2025 944352052
1568 314 683009798
2580 2506 572867517
2013 2352 239365993
2419 523 434343546
1858 1832 948547026
3051 2002 163823241
2478 1729 958325482
3513 3192 111251202
3644 2761 930641428
2657 3176 941104024
225 2805 932544298
1903 3388 323815675
2004 2482 144824245
316 132 548769172
1982 3380 889312616
3548 1851 316003437
3200 751 137483633
1352 964 648363082
844 3412 566442637
2600 210 757015837
1715 683 34119040
178 1148 281590238
758 3261 50447610
2198 998 923895275
1793 2853 733656716
688 1612 184968089
3583 2721 981714113
1454 2937 471975673
1228 2866 355390814
3321 1227 522901491
2714 1907 997793251
3379 161 309497647
1179 481 177025034
383 3464 941329206
194 1460 784318391
2970 528 208584038
457 3162 57551510
3689 1843 100726451
2405 1260 23322973
3211 2868 55907173
3462 2108 323190901
159 2948 827116673
3312 1191 944368617
1448 2771 94595580
3571 378 339719751
546 2626 932569587
2486 295 574520496
3277 1728 57589158
37 2416 194743390
3276 1312 20346378
225 698 125870376
2927 1582 1086058
3418 1867 72309773
853 2494 922920609
3412 2460 102624091
2499 198 506182656
533 3246 398943281
3356 3395 58859483
488 1406 26717938
971 2037 667233635
2726 1993 685221150
3508 147 403564875
2086 1218 526972785
2545 553 163189838
1948 2456 366255582
2263 531 442778719
2124 2498 147879044
3445 123 344312804
3102 3280 237375695
2804 513 274058908
1952 415 345238863
2949 2655 505611958
2132 2740 137313316
1128 404 112611657
331 2099 855224070
1428 3276 190273506
1499 571 24176733
318 936 676194013
867 8 519191237
540 2283 834838913
373 1959 305755230
554 667 898442516
71 1175 809604306
1459 1641 650499335
98 2332 397156815
1057 3224 575813726
2943 1608 113193144
3597 3499 339665416
2932 3207 491653251
2657 3314 966837294
1763 2920 794383281
2254 2434 805905338
969 2786 528758664
395 761 604064569
3268 1415 108533385
1209 2237 820605701
2867 1994 622016382
433 1688 745300995
2107 246 44427238
3351 2878 929701967
1078 2341 775100603
875 2898 687344089
429 2315 233041578
1988 285 856353349
1690 2576 289398557
28 215 934044263
2936 2345 533419529
2805 682 363705848
2671 3244 118192594
567 1225 511840601
2252 692 500658218
716 2440 540823670
2302 939 373144562
3558 2714 976792073
20 3750 779932945
1492 1024 972486678
1014 3529 293582548
2023 1471 607803907
3356 3655 198547891
838 2550 655074465
1963 3473 203448804
1744 548 378125785
3141 2407 446677500
3110 560 897215548
3017 83 794500266
3716 97 378355314
1715 1567 84960429
1561 2652 134783744
1651 1258 687196465
2624 219 191662719
236 1820 45580264
2377 768 250102656
2490 3106 256637450
3396 1180 334956710
1814 949 698386161
2879 1380 292980273
25 3220 74610451
2679 762 752975093
1499 1569 701741451
1942 2200 396081569
1409 3708 923913900
1710 2557 854310126
2860 2966 769600476
489 2879 406992899
3305 2652 215105234
1440 1643 848714440
1000 529 697652051
764 776 351997261
84 1705 938680458
1398 1915 824275050
562 382 662164014
330 3222 648054373
936 2368 242541647
3467 1476 255127663
2599 2716 463097576
757 1795 140515837
35 2427 756617390
2759 2941 579053827
305 1381 180841063
2347 3520 998912895
3695 655 768017603
3418 1703 971759005
991 1728 841718995
3731 2712 480036276
1998 2101 538143353
546 1257 434570121
345 191 957040054
2436 971 210400533
1026 2335 247133102
2930 244 395268462
438 3492 54694510
503 1482 980724558
10 1357 509469551
1956 604 860516313
2763 3371 832929170
2414 2073 137892193
3336 241 102025922
1234 483 616746862
323 1384 836548124
3273 893 61601634
876 1777 460011893
266 2988 672264175
3339 241 83814646
1529 3174 521636745
3044 3456 690961771
736 2832 340717530
522 3025 875377534
429 393 514273219
3757 353 564384776
3087 400 468320349
2779 2739 695690478
2603 662 944521961
1412 922 895873424
294 528 180019703
1873 2532 716378592
487 1444 318306839
1015 3720 38227005
2804 345 185817403
1442 207 237221326
2926 2248 64908741
1383 456 24333442
185 1826 821073911
1443 3712 484789885
2817 1926 267795753
2588 1981 371643128
2026 1212 157028839
706 2328 894062922
1464 2967 163530171
1764 882 624660704
452 669 920753033
883 1150 421391757
2117 2249 127477913
2631 2797 889230701
324 1590 249529243
2475 898 239140702
913 1444 461686567
1037 2395 319747790
3042 175 505773784
2655 2624 748745896
2923 3361 219849808
1320 3261 71901096
942 3286 437811016
2558 2061 704599683
3215 2396 801628244
2051 3369 338548675
2966 1926 926928800
378 637 802493032
1462 1896 813128941
3105 615 447516144
2887 3192 858111843
69 2441 881350896
3041 1046 439617335
961 1896 770678018
978 3415 602894611
2191 180 821456264
916 124 697517628
2492 1821 177653336
1051 802 620578474
3264 2917 420978577
596 2843 513270799
1923 492 873560913
3303 1463 470615636
1308 1029 55632745
2547 1923 352168132
6 2159 77131365
3381 2658 309396073
515 2436 651089366
54 224 333235760
3735 1553 23665694
2836 3309 892978857
1618 175 74409792
1147 3728 739911472
2539 2288 971911412
2030 1180 637843358
506 34 893132320
233 3111 167020507
3 654 608174286
2575 1817 722524829
3041 2630 331472947
1184 1539 983497975
1400 1715 302769361
3449 2929 375986964
2064 2409 516917845
3751 1872 393271704
48 2001 977898165
1620 1802 341140725
2097 2006 711549207
2044 1326 112781232
1019 1390 287965726
1315 2666 875051422
2286 3182 664412252
67 2306 593693917
3223 1680 65126479
1926 2712 400636406
872 434 44551370
1215 3412 251825646
2968 2152 356207461
3356 352 969554063
1101 3060 594759953
3035 1502 993477508
3702 3454 951323481
3026 1258 716566400
934 1732 864292925
1971 1109 723854334
1979 3016 805871899
670 876 765507508
3270 1656 423975116
3661 1381 616048881
3336 428 745027185
1784 353 439032622
2515 1807 622339010
2023 957 900469722
198 2038 731548434
1812 642 116704422
1287 3580 278884465
938 3390 511423377
1928 3609 665647683
2543 551 422033301
693 3641 554934541
889 1899 670310329
2893 1847 164766935
525 3543 940160215
358 583 921532763
3008 1871 275367580
1805 3630 428105568
1006 264 902588259
968 833 173234501
405 3288 538299319
362 2715 261495867
159 795 100442231
3104 3033 285371230
2294 2366 50914481
1958 2726 543496168
2735 827 397427949
2901 1008 922130002
116 2235 13201205
254 2639 273637533
2888 2810 365086322
1034 3581 963886508
1889 1750 325297326
1651 2507 332724577
2714 77 521204127
1001 2702 910903451
3372 674 242460545
413 1822 882983064
187 1067 603120569
2562 1569 546416649
506 1071 278992141
3634 2350 992304661
906 2131 672507033
3639 2672 252041663
83 88 427506396
3097 247 807951659
1200 2785 477173837
2539 2283 68117677
1218 355 153021301
745 977 427018926
3310 3454 141493381
2355 1750 765372359
2028 163 985852250
2408 3576 153483310
1032 1280 861227210
2443 3493 712346069
1068 825 731162991
2057 1140 675354498
254 2628 343407291
1667 3029 730153665
3727 754 154099625
1504 2210 485387092
794 1488 49675798
3010 668 389124582
522 2605 9286979
606 378 193538065
313 3623 396483735
317 1561 745132682
1968 2596 242855469
2491 1334 707248618
310 3647 747239540
1159 2099 323606175
1033 3274 818983885
373 3323 639068240
1524 811 805510159
874 849 810117146
1492 2004 888576498
3196 3194 486753066
1275 529 273521550
417 2036 532639458
2295 987 712880771
2976 3050 595053281
3450 3534 489449300
323 3068 365762306
329 2676 763430900
512 2678 695604682
349 31 993938707
2838 185 427344439
2362 977 458486599
955 2338 93992363
1940 3024 723569639
1417 205 543567074
3553 1002 279045381
3578 3246 130750943
345 2440 957490237
2423 2039 444381482
754 983 121515646
760 1325 358176110
2627 2697 996260876
2214 1794 174726944
2051 1761 17603013
2935 3023 651950373
737 734 394307054
217 282 879736082
344 3457 485477145
1794 196 392380063
623 3613 868368424
577 2026 244624267
3435 3303 209314184
1819 1935 935947270
2431 1360 38311876
1970 2330 433112747
2358 3701 835167816
2532 3085 80195877
887 2780 878383210
2928 1301 590443762
2994 1760 898655613
795 453 882217349
1960 1691 945068624
1865 567 789201988
3554 2537 538878513
638 2089 128125478
129 250 851968600
3418 2861 418258968
1911 98 815265672
1286 188 525364423
987 3731 496085172
3568 1084 155476498
3588 1500 64080968
423 1368 538560590
3032 2281 561391622
2212 2960 96232574
3046 1790 74594377
299 1706 153019341
3457 1306 200721120
1738 1346 847401348
2456 2741 621591987
1688 3262 356947519
1247 933 755196211
345 934 858925040
1172 2068 775354850
525 3696 573160746
1535 935 105247638
2226 634 758286176
675 3667 117226543
960 975 278567455
952 1391 932357697
1606 377 619510470
3395 957 412860908
912 1232 115844159
3608 1886 613001663
180 325 255940516
3418 2786 997114859
29 2046 753169258
2137 3751 785788436
2634 366 514136065
2025 2249 107888624
2449 2667 595705904
2838 344 575559849
1388 323 168577544
67 2699 239603866
1 2112 919533216
500 127 407908530
115 861 915616357
168 2842 78700442
13 1908 962473269
2122 153 846673906
3591 600 737751373
3215 1594 448277298
3601 517 385593858
2646 1085 709723281
363 994 128280499
3659 2526 389363459
254 2829 610600443
2587 1094 639856306
2030 449 172846066
26 2343 399041080
2144 1788 429593715
149 2644 792987809
3274 453 79844638
1520 45 109069187
1455 1220 752035957
2782 3003 501610058
2621 3179 301386373
2467 2333 625651532
536 779 975993425
1265 1293 157805913
26 2574 658563425
1767 2924 449654963
947 3394 990229520
1252 2723 290395179
2693 1051 524365121
2081 1859 7928903
2670 3241 457167109
2858 44 551372867
455 2774 799303072
3347 2450 241149690
989 1064 209871014
2041 491 690665146
3057 1086 587580967
3643 101 318128868
102 1021 844744793
3318 3166 887985822
2008 2856 117588443
2928 3390 31668996
1072 2875 925337374
1465 2269 650008447
1196 1874 999790185
1898 2000 440217647
1312 1833 642016100
1672 835 733169040
1582 1143 428881711
1012 611 739493333
1731 1131 543113715
2380 506 186038578
3294 183 289274077
2679 2890 91740977
3348 226 67702690
3356 1576 712350298
2828 3468 212161203
533 1216 534719362
2479 1864 193088802
3689 2288 650942726
3215 2541 798244068
3064 2006 361652440
1112 2869 110589667
3461 1980 486634323
1806 627 80188173
1720 3315 414305060
3248 2899 566263009
2572 660 83556704
2377 922 621384259
6 90 179585063
2727 1182 850471042
2236 1584 648353942
807 773 525978892
2510 189 168170118
1681 174 723241360
2957 1926 722522155
2368 2276 898525261
3171 644 635543566
3647 2873 410795082
3551 2546 134551518
3017 2071 215899345
1509 1734 357956758
47 1615 375742158
822 2261 901155759
3596 1439 806857857
3602 2456 415325178
157 2427 25630407
1552 1528 543184768
2459 1854 822208158
2841 810 2308031
732 2967 183901485
1829 1908 149219498
42 353 240157720
2734 3599 698749518
2576 290 543213134
2503 756 180735738
516 2853 987206937
2339 1534 17262413
2991 2589 252702
2409 2473 809601123
1195 2944 590540190
3026 2632 644963512
3334 3695 517616966
2421 434 617143726
1053 2574 398430471
1585 1101 170322211
3056 3464 782356941
3520 3362 833206702
2348 450 325358207
2993 937 87596787
3667 1014 474240043
1854 3533 820085265
1583 61 986380264
3698 3190 336346347
3688 3424 52435991
2811 3214 409969341
718 3556 922629645
2824 2866 143793936
314 2659 124906757
14 1948 28868155
3576 2549 279285292
1134 1805 627089430
3121 3346 828819310
2555 1431 681244052
3088 3583 357330826
673 1966 387792834
1785 3014 282608587
3695 3526 695714752
325 12 913450941
670 1879 316365124
2060 3682 453830252
289 1046 85699133
3039 705 917486621
431 2222 154080030
1101 3069 769930129
3096 332 884592147
2172 2690 780217157
617 296 772699986
3095 375 6499168
982 1584 47078172
3337 2641 217817070
1251 388 441054512
526 196 782983650
1219 2968 330178476
2422 2816 564932771
3620 1449 537510532
2136 2842 792791428
1286 3081 346534852
444 1099 118394696
2963 912 164692964
1251 3655 868680114
405 2989 299149111
2406 339 479053772
1361 1182 954156132
370 2728 999084262
1752 2903 640978556
847 446 128310166
3236 2464 990941215
3058 3506 312681243
681 3590 37855842
365 2333 317147547
407 302 59860264
3053 672 722586268
184 970 451809948
2205 244 531138185
2032 1613 975584702
903 3054 796816934
340 892 527414518
3279 938 736724978
1148 364 503495551
3419 2571 678101817
485 3323 772896476
477 601 677401811
477 3399 357113725
1453 2135 882322793
1288 2574 934221413
1233 3464 300087735
1364 178 914937946
2822 3665 919627539
2482 3749 657490356
544 1012 397435905
616 1528 632984794
1543 2981 832390217
1110 1223 396785684
289 1711 288208933
3637 3728 706003024
3486 1790 265871430
2953 3462 899100378
1136 2378 5564186
2532 2564 392584430
3209 2108 426289696
1534 2016 773913436
798 3126 201788801
1441 1234 121373945
2339 3737 878514310
2984 963 177753932
1854 890 167873718
3345 374 332605410
1561 3642 580276057
787 2835 849263587
1727 3659 337240129
911 1300 497537592
1011 1232 234746971
262 3394 885537144
2500 1952 513205437
1610 3450 687948514
288 3420 330850055
2962 1474 30540400
2836 3401 764098323
1907 59 876752034
2308 2491 168979526
1092 2035 844298161
1381 2118 614809708
1239 803 233162987
2096 1289 352875238
1477 1338 741321312
183 105 619986106
2289 2926 676372863
1057 1781 185824828
72 3226 628847804
3683 569 443894560
1484 1621 228602903
2730 796 262071264
2339 3759 289045291
2152 2751 440719077
732 2100 887991795
868 2970 902536912
2169 1622 842994337
1615 2058 575538879
2114 490 74841943
2117 2641 601826196
3170 1952 385594535
1916 2823 785223132
302 446 790842024
769 3024 660814132
3174 158 78564738
1881 176 518222225
587 369 362625038
1254 3732 772346276
1488 1012 983170516
2399 1841 521765128
259 1195 54893027
1350 936 694860455
2588 223 28830303
3384 2315 693878820
1984 3449 400647451
1939 390 970712780
2731 1043 735356927
2634 3073 950806769
2682 2187 919668251
446 1751 755140967
3245 2854 41530105
960 214 75332488
905 535 226699821
1357 3351 381437977
1504 3384 632739511
304 404 916341840
2170 2601 872489023
1658 3494 118764340
1035 75 485106295
2168 2011 400957394
728 859 583734085
827 230 281317651
1634 2714 329359252
1846 1606 672735219
1147 569 245792857
2082 1405 836751590
2558 936 382597162
2812 294 925708966
1830 1056 477097928
3346 3549 657741859
2782 2813 598096870
3016 291 818350951
3000 3479 871414936
2232 3224 111943675
912 2240 316223412
2586 2838 624246538
3535 3601 736761314
367 2834 13829890
2097 2350 601827736
2594 3696 437036810
3751 1601 9642364
2506 1625 549943895
3339 1549 373019745
3040 3564 785174322
2975 3474 625415087
2921 2387 150183985
1792 342 864601720
1134 1421 712608160
253 3506 402216063
1684 1444 913024664
2584 1066 989376911
3594 2440 132533309
1141 1748 328016719
2572 325 72139035
483 2119 670124887
4 2763 332762204
589 956 349326342
1993 2585 771702334
2692 1936 242831813
1523 453 669467777
2144 1433 22349899
2680 2363 609793131
265 2600 475595496
155 3089 262551812
3338 3526 270954330
2998 2617 280982063
452 1851 315502208
2113 1047 558479955
3372 2370 73341503
343 902 743353982
2855 882 722848838
2145 896 32779879
2304 996 494601688
2994 642 627340175
1250 1023 499567509
2577 1919 508010426
2564 3239 314961013
1080 2963 485527231
110 1715 329447063
345 382 481638911
1112 2775 362807812
401 623 716972800
2740 465 294405253
2733 2274 516644107
485 2181 437961218
3483 3640 661490235
776 3609 294221189
63 3404 362732726
3685 722 796755407
3322 3261 521473052
277 2369 30419329
3634 2240 371105248
1374 888 683881690
1814 2758 854188672
2312 573 689899186
82 2186 84033550
1871 1138 748185226
3240 2105 684896373
3390 2153 38278896
2302 1012 175251681
2080 3724 590757204
3245 1618 234177415
2584 2010 529035125
2362 3749 625574938
404 1450 607585757
3101 5 968720361
3496 460 597427805
878 241 310805471
2696 1803 719351778
1993 3306 331185050
321 2146 318254111
502 1910 209901613
2390 3455 44002931
248 2409 661046670
3347 2789 144284178
1349 2064 111078679
2538 2515 725159296
906 2555 223053503
1863 933 386600576
654 3701 250345436
2310 718 390396635
292 465 495585943
1042 540 50191329
561 2565 772479041
1955 1612 208587562
3219 1636 126456073
3209 776 670818377
2907 1838 576595900
2037 3162 287172678
706 39 676658360
3060 2171 936450490
2569 1282 268943100
3571 1350 803623336
2666 3275 792371550
966 1121 29455639
1312 3060 290200853
2277 1058 194412295
3026 1074 990220166
1468 2499 100703942
2278 1258 396516453
2345 928 26012653
654 871 680628026
3686 3299 733724240
3528 1555 807609950
3649 1611 717339418
2794 1256 515573324
2808 3118 202735676
1658 1513 911529374
2435 1811 573701926
2408 3038 532618367
1262 3407 921872281
2520 1366 135542075
42 2619 736769397
3474 2680 530092642
3695 2343 723086652
3654 2651 98623799
1147 3087 886838010
1087 1596 385693807
1386 299 531094599
1366 3599 850316390
372 1182 127146553
2140 1148 401771491
2234 1262 186093096
1514 431 907819085
3323 3304 757264639
1234 2349 217364856
2089 2562 549943897
2008 499 386095539
696 503 130620290
3271 987 857630914
3233 2569 332871505
99 2169 165109286
1722 2039 814595902
127 3443 376476203
1663 2606 988054578
717 2670 201857786
1269 929 688654360
3124 352 794599826
3154 1358 99381758
3329 3246 538780358
1007 2058 571813715
250 1500 228967671
1802 152 833558655
2274 1741 979101412
310 2997 501373025
1561 1734 19009619
38 2304 462436685
3548 1943 888323595
3601 1160 341472485
1088 1741 215854805
655 622 669734764
3415 734 315589396
281 2167 979206944
339 2149 161885911
700 678 704153881
1134 1384 658408066
3010 2061 941428966
787 3059 718471492
1450 3617 733634488
3303 31 751705932
949 1556 503892916
2582 1364 564069463
2733 2639 715501196
424 2556 831566272
2705 3100 832003055
2409 1155 401939764
2453 2602 647639901
3265 2121 36159971
3245 277 576977712
1876 3675 39785048
106 1668 249730853
3483 325 933470208
3040 253 307719807
389 2189 916731204
3621 2520 390699446
2089 3622 699092615
3594 873 204410211
390 3723 339837445
1217 628 340916697
365 3460 796081704
2605 3511 525676487
2366 3264 55884166
2661 2516 384197574
83 684 143811015
2352 899 946585961
926 1796 725266550
3597 519 87665407
1341 102 732710163
828 560 408718051
900 3144 629186045
3417 245 378551682
1935 1666 528459984
3044 931 134237168
2031 3603 234702459
349 926 769233876
2031 2561 601021863
922 2649 890469942
2676 317 609208564
1883 1144 239769372
1680 3048 337371783
2451 1031 788222641
3179 1616 164047468
2969 2767 802038910
364 2782 936385057
909 3203 317697243
76 1601 193234679
2439 2521 313299366
1144 37 747933819
2668 1208 218398097
2215 1583 620040711
3046 1676 931816146
1501 834 918009664
663 2863 849493444
3270 3372 259455629
3394 1031 995295841
1135 802 599300246
2962 372 595318091
2812 1135 651018953
720 3076 261825809
2621 2662 227140363
89 3404 777926442
2727 3474 488918822
2381 2827 984904840
3074 3145 626852027
2035 362 910799167
3108 2676 874303224
3036 2703 462613974
1167 2666 715684015
1477 3265 232070759
464 802 709842198
1607 3557 68794830
3254 2535 131805822
1171 3041 355470958
199 485 497124438
1156 2254 419711181
2053 1689 295622948
852 3705 158463789
1649 2871 999751058
3271 3690 306151583
1547 1210 267737506
1486 3166 338207433
1925 946 952090839
134 3251 376159041
1092 1506 70132023
2390 1319 983492457
326 986 327904512
3012 3013 623580669
681 512 770246218
3459 2010 230707347
1100 1577 840875248
18 2334 586388491
2552 1007 746394278
3569 2520 61105045
820 450 210503032
2465 1647 1696583
1599 1628 726997598
2560 3489 19594094
1764 949 513313459
104 3353 255968098
901 1264 781654580
342 643 250404458
793 2074 420558252
1716 2381 15185608
146 3124 393961094
2865 152 680324647
748 1057 51653280
557 3618 771560807
1730 1778 290623266
400 3683 530264140
1160 2452 844404655
1572 1442 323163482
131 2469 996578624
13 2029 248228303
1747 1571 985595424
3044 3262 470350927
557 1026 51501410
1225 2828 174377957
521 190 400194668
2617 2461 838339147
1525 1629 328565201
1489 3047 586020307
1998 2458 605984106
6 41 627608455
788 1770 909925999
876 1139 187714822
2211 1489 110037030
849 951 62991419
1781 3677 212527510
1406 1267 224313742
3123 2125 57396243
3390 1967 559732824
3611 1197 898013262
3138 2228 813588087
483 2800 855632750
924 523 584348144
2750 1280 2181203
1826 1945 744647610
3116 3656 98373182
1904 1001 248912876
3348 1299 150431689
3555 3347 253406602
2099 2194 913158738
1194 1342 845331384
51 2506 881950185
3083 1466 456081067
2155 2980 67126631
3536 2746 877750905
572 2387 358175674
217 3250 547050140
629 1421 1673540
1637 3418 286313470
3391 2841 223228484
1436 1212 944195045
3506 3292 579455917
1461 1259 270036238
983 1296 965629760
170 512 932881223
187 3561 224904894
2215 702 617032641
2064 2546 816682656
2602 776 924768256
3432 2230 854718839
1051 3325 90299703
2899 3635 447784420
983 3409 750951693
2804 1212 792116755
2684 546 658691988
862 1949 469064592
71 2256 164122040
2697 922 223560084
1705 2829 510500850
665 2990 953024321
2777 3190 907624264
2427 1958 250499531
3328 1653 854349290
531 3708 650023415
2495 608 290992386
3370 270 84222168
1808 1834 339806959
1393 3373 905176001
1912 1847 417724834
1506 2707 856016348
1003 3514 816690591
3605 729 631585385
3079 3632 321320393
2319 34 103793731
1575 2489 23827268
1561 605 249208871
623 3243 884545237
803 811 684136403
3054 2934 380045160
3010 2177 61184198
270 1095 55555745
3429 3543 903210616
1943 2636 171318108
1790 788 599001600
518 2251 349763551
2604 1724 857843714
289 3531 697806563
855 141 952465184
1094 3243 667627408
2764 2626 651591028
3291 2101 312343788
1807 1017 511026484
623 2672 6208954
1833 1337 498042123
234 1030 547704375
2830 1419 354308159
1235 186 4192159
2980 3337 772868860
2812 1842 762716532
1844 12 163354009
524 3427 624724267
307 1332 491374980
1181 398 527887733
1358 295 874159845
3524 1465 657352644
619 849 604045611
1848 865 852913612
3728 1226 840320224
737 3474 327206939
1521 2186 942300894
2686 451 522127
3364 1710 68570006
308 651 700066241
3201 1704 923208913
1370 3157 11962340
101 350 890717353
2838 1174 35141512
2679 495 708950734
1553 3714 66724111
97 810 483271961
260 2210 873846169
2141 3105 422249084
2129 795 956929274
1315 3516 889900231
693 2686 633504981
3542 1992 77343042
2510 1914 787662662
2001 64 638447957
1897 1552 539689775
3479 158 566906799
103 2787 644562401
3380 2359 720043233
1589 1972 66786122
1318 538 146651823
2690 3322 843544626
3633 1597 179196747
474 1891 712315679
583 2615 437188264
1316 2676 419768541
1885 2095 135999486
3706 1291 309242811
978 1631 936514780
1470 1196 241005927
274 209 841603680
3424 1642 775120017
564 260 561710673
2098 1757 234689153
1573 2216 501500361
3087 1554 205647833
3284 261 547605669
3702 1468 858462710
1428 3168 663522633
2065 1433 30673399
567 2858 558951001
1085 1083 275185997
1252 2688 609888098
1072 1113 619457367
2422 3596 266654270
2311 665 899366266
1027 2176 823022595
3525 1452 436230578
2297 657 960997691
1123 3419 556276579
2306 2675 470764535
364 2335 435873380
2828 2959 217952601
3464 3008 435532798
2147 1974 285300809
3440 1341 513118902
2718 1288 343263692
3422 1941 575513350
2892 1210 549280182
1077 2444 668648266
1940 1522 586424745
922 3089 983282947
3333 1849 32196638
3218 520 36099014
630 1446 280948232
1370 3711 477767470
2045 1240 482044731
2888 149 987499301
1320 2122 178771989
2579 3757 422775234
1829 2283 911004072
1997 1748 798227026
3374 731 698823445
1396 2249 666688854
3658 1858 216503209
3596 1651 96731574
3036 3357 261112399
2061 2895 687902941
3483 3653 938142131
3414 350 337813102
1384 1267 871686687
3386 452 897002064
340 233 120587943
1622 1968 832444316
3040 2301 875006102
390 3453 639087844
1884 3752 26519559
2065 299 194593383
674 1994 431541279
800 3514 822127541
945 3445 781951874
1760 3437 68930837
938 3207 61076682
2483 2657 745693070
144 3261 485443861
1542 3308 441446741
3171 1554 734989729
2264 1562 120575347
3187 1119 484836240
831 171 33912824
2853 2058 915287561
3531 219 950477024
479 1116 445428588
668 1466 701164669
247 2200 822750374
2856 7 573566870
2764 2303 244606184
3355 3120 557627390
1044 3360 272166727
1332 1153 500221232
1329 529 332047109
2162 1043 561286764
1537 3230 366440032
818 2355 279308969
1902 436 43997902
1527 3366 53762502
321 3441 796166487
3490 936 436141971
2019 2891 77119486
1161 1536 964415920
2174 1363 453156236
2066 2499 543533717
2580 675 361817572
1424 849 536386576
3435 828 717284828
1752 352 402380737
2244 1803 15759639
3401 1762 257373344
3244 1220 593532742
2696 3457 29865074
3294 972 112222056
2766 280 452652401
14 1190 553796023
1286 3040 725573269
3686 1163 249801388
506 2207 81014738
1887 2179 181464241
569 1504 296144843
3348 175 974008627
52 3189 385047303
1087 1300 891182173
2116 1892 143823872
1981 2850 530384322
104 2201 451876164
3647 2041 776966263
3292 1437 291965148
2400 1637 413222844
3437 1299 321098917
953 2149 54082887
3595 2249 454436540
869 2233 612562802
2724 1738 451556730
1559 2023 23718686
2578 921 943223596
1440 1286 666667670
1160 885 393220082
3554 1901 826576915
2499 2910 787525745
2120 3495 641563766
2979 431 172874316
1104 2257 963978059
550 1839 854675657
2904 527 56608664
2055 2045 181256441
1379 1266 943654619
2968 3609 485511863
3152 1044 200070732
2988 850 396827047
1759 2010 560985336
1050 3303 997518515
1948 2781 763271717
2790 3132 885918527
1902 1476 222449033
601 2821 150524009
3615 873 841637000
2690 1542 160966423
1360 352 826388029
1475 892 890133486
1624 1589 878000027
3601 56 23809816
3127 1562 340134225
1279 1160 357442191
3389 2930 211304468
2290 1152 666443012
2900 1364 174357267
1815 2753 82194067
1892 295 967282341
1564 2982 898826845
3755 2615 876008732
3372 270 355707141
2764 1896 799218063
3496 139 138503458
2018 3735 282883672
3123 3591 458855588
3106 2886 322486135
3503 1613 233546363
157 2644 781276173
837 1096 732516269
1018 2133 958111012
2058 1012 464939417
3609 932 966348507
3227 2236 969863574
2062 928 631117229
2813 1631 319331441
745 3209 457410739
2322 1800 343258632
335 2840 22566158
743 3334 228224065
2160 2100 779550713
1566 2325 189106173
305 3577 747189052
2260 697 604502974
469 2677 940781260
2342 1820 340044454
74 1297 109497977
425 2768 412173315
3075 3394 132720313
3611 826 747219408
425 34 885960393
1095 748 579369015
2181 2880 486297731
2498 2962 838482432
3533 3407 117714529
673 2639 611292846
1465 2531 535002568
2876 2978 85800432
2051 3166 424578340
3543 2509 417809092
3357 1977 481428406
3659 1338 98411794
1207 3671 491657930
2043 1944 340744515
2485 1745 200818580
1328 1132 280617067
795 112 714695875
3090 108 878611620
1950 3346 363640096
1577 497 458742324
528 3662 166711284
636 2703 358089810
1816 1543 847180509
3460 43 717255648
2269 1379 61812934
2040 3360 830415328
474 3141 156336371
1866 780 87103861
1750 3680 579593931
997 1203 921437447
2395 3075 818966469
3200 2669 165518002
2987 1644 539867313
353 2969 858820450
884 2021 889784078
1677 3594 774334929
1842 2181 222663100
2232 647 666184115
2520 886 55780955
3109 3744 955424204
3635 329 815638916
3585 2690 9822716
1570 3500 41398337
3132 1482 733974520
131 2774 878739052
1248 3571 28942954
343 2423 286357600
787 987 589599595
3309 2750 275580179
3178 866 205613392
119 332 794918428
1598 613 993184182
2544 609 967237619
837 2392 504498127
2759 1756 422962241
782 289 635871913
3097 2821 472153650
1500 2692 721107018
3623 572 350793683
3503 1461 757346067
3452 2044 217357122
3301 411 175367446
1056 2170 166114308
2958 152 214552318
931 1430 997161441
510 2203 41584767
2021 3462 479125103
1610 1528 533941474
693 3290 867238100
3488 1976 117890339
1259 3348 223486607
3496 3534 877026792
351 2826 874177407
3186 825 42568531
2776 3251 162499615
897 3601 832271058
2570 484 365917022
372 1078 838470895
1886 2387 70463023
2787 11 346876559
3347 2174 789782577
143 2281 9573946
3343 3488 841877424
3713 1988 845603876
2127 1412 125973787
1079 3119 16561222
1974 728 647334199
3321 1695 563922555
471 1316 615934712
444 2654 765625877
3456 1847 193128319
2750 3083 626522273
1565 1008 625257225
2037 519 597741850
2458 1657 792765017
3076 2075 17232784
2328 2612 647052053
3532 1975 688836101
3026 2997 662330524
4 2402 420047428
2875 2324 90976607
822 3568 581661901
1880 2334 811971678
3393 3413 181205094
1414 951 553428829
2619 3398 189548620
3326 2412 156950742
2966 1174 995384484
2557 2593 198719568
360 3087 89892482
2826 251 728423588
1220 3645 873582936
3710 593 190859011
222 2475 593415027
2738 2780 461320766
2601 409 572051381
845 306 633874038
112 3212 665266560
1483 230 114451388
693 86 785812934
3484 1613 95017235
3301 974 756779142
2244 2175 151798172
3157 1328 148679359
3309 3113 313439962
937 3194 969459264
1247 153 723973690
1233 394 202990874
560 3040 825625152
2374 1307 620136493
927 2062 744507460
696 3008 120355094
2397 3191 869652712
2168 2972 345866893
2553 159 596219209
2675 2534 827796546
1551 2585 305845511
636 1609 771874920
1401 3346 926223379
2553 1685 907022055
1603 2731 469519439
3267 1255 790181857
1193 2025 721500164
84 3556 722933923
414 3438 41887472
3128 3315 28630774
922 2890 737668579
2156 2108 251786304
3169 617 622796852
1637 1969 553904831
1837 3649 514872464
3508 3648 469477388
1442 343 427415677
300 1082 328933845
2040 779 580471936
3685 2288 652460897
2836 2886 499908760
2032 1612 156267463
3466 1939 829746941
1090 944 807880324
1278 224 494252658
382 2281 771613865
3606 2690 664953285
1158 324 368658538
1367 3252 564191694
1620 2881 658272591
609 1893 998059072
1389 156 903620017
2724 817 330678155
1852 140 477892134
2383 1264 753161111
440 3375 816385008
218 3554 269642114
1283 2425 404936915
2392 1429 873698166
2155 62 20745984
299 3018 884599379
1645 261 601557342
3409 864 487827888
3669 1554 40954474
2284 3639 138753680
909 1296 603079554
2873 1532 697483381
1763 2397 293309339
886 2046 451309335
1207 1228 60584289
1230 2750 582084799
1692 2146 564376020
674 2495 841965084
2731 1536 721044815
1496 62 681661170
2559 2033 371003071
482 2045 191851193
662 3192 211345349
2723 588 598607858
2373 1557 707653801
3470 3061 435598059
3758 804 401424522
1603 2727 311047406
1153 1863 648774083
3666 206 743275265
1615 3335 706075070
2400 852 757884870
1572 1603 347844123
3486 3294 693931938
2191 1097 775928981
1213 2458 603889656
3729 256 711655895
1422 1901 77005384
678 1948 26749394
1740 2302 814016636
3582 1758 262954792
3720 2252 948433517
1658 2074 994016391
463 2845 876928029
2534 1951 285011938
2363 1642 382648182
3299 1539 576442080
3621 824 660397783
3116 2647 368967888
3213 158 51922085
3000 2816 537802445
3105 2259 461563572
1043 132 59187657
1411 2258 415161049
819 125 151496340
1752 199 253443210
236 677 156187393
3013 2310 996949044
2823 3554 541540054
1700 608 206251989
1704 1526 547085187
1123 520 167613721
2847 231 129249106
3325 766 501189423
1746 111 749807503
2300 2413 559827282
1557 1985 834676500
1281 1201 521992413
615 3393 89390031
1131 1599 747153326
3651 1140 836623958
1736 2255 97182944
461 3442 598476317
2907 810 214953808
1353 3054 500891689
1099 2347 722498904
2193 479 454704126
3306 2899 374536290
1273 785 303039894
2693 575 24369817
1376 205 807683874
360 1777 979260292
3317 1807 911665343
745 1014 37426198
3720 1704 560569942
1555 2832 630276989
3646 3105 444446073
632 293 886157352
67 1043 386771981
522 1151 467316449
1942 58 430230193
3401 621 952230485
1206 1507 782663353
2166 2395 543206191
1968 3416 154945507
2697 3065 853511985
1877 693 903196983
1368 965 338284179
504 1913 911692369
577 2507 33897117
170 2169 235050607
1869 2380 410379456
3264 533 703124228
714 1156 633450393
2417 2398 815568965
2872 1270 531256538
572 3124 284999158
1325 2260 172339840
1901 120 238433507
2656 2509 427252672
831 2240 970007738
3088 2296 502439201
2210 3062 913638190
1423 798 282024498
435 400 997347343
2257 3205 647859432
644 405 149240
2311 1871 191442190
3678 1134 648271244
780 2034 207921834
1831 861 773761108
2732 2928 906846862
2719 2702 861258298
872 689 746027358
3589 3623 936844983
1190 2268 250227419
1932 581 665525840
3164 2155 294213055
3726 184 296393549
1421 2384 226401281
1500 3705 548806721
523 1421 367932328
2918 865 441098669
2989 624 399051764
1856 1389 569124447
1747 1611 893377559
1291 3075 73081718
2981 1051 302906609
754 1289 825463956
263 429 318385793
2054 677 948735474
183 1242 635579505
2844 3412 985446823
636 2694 117831654
3017 3633 551623359
2191 3266 259752012
3716 664 298437043
667 2042 766726251
2502 2865 445770813
203 1243 855819651
2424 1097 293518740
346 2982 929575875
2267 1179 618989177
689 404 680261261
2358 2563 835266885
377 2883 893232564
3542 2284 428151849
1456 2455 511558408
1947 33 542566388
1563 608 461859836
444 2650 708098299
336 1280 530442245
470 1048 413565701
3496 3628 402672985
349 2965 572774352
3611 1900 723755667
816 3725 741377097
447 2751 889005985
825 2493 844629794
1548 3289 534485271
2623 2511 940500258
1497 1556 825333275
3330 2218 565635780
1117 3751 56488370
3269 1187 161062100
3647 43 373919886
762 1434 224898258
2055 763 331026119
2896 2501 370152517
451 630 899011924
3227 1572 185141697
3200 877 996128101
836 3307 449529215
395 1222 665596222
652 1006 318226979
3605 280 997828347
2268 3545 753116151
3023 2486 333601974
2012 3357 863653308
2336 1661 104353096
1900 950 129479615
3582 2426 982035186
3593 3211 660508935
1325 1697 165240576
3090 3234 410042051
3557 1533 619034992
3176 369 681701031
2365 1967 932133929
307 1647 581513142
39 3183 996352943
1496 3180 768552486
2233 2420 451921855
2422 2474 863643426
3542 2108 729603834
2682 1657 615043049
2580 3653 563490162
2970 2467 289058539
1054 2396 550144663
2332 283 243291660
2166 2147 358152876
2228 2853 72493210
707 246 887110047
442 3151 352467160
743 943 68434057
2425 1470 794047281
261 605 476259238
2412 1142 132522756
2135 346 708454176
3556 1673 218383413
3069 2464 999791214
2238 3734 767725239
318 3340 42257145
2780 1337 886901546
1380 1435 854518233
1678 2142 127457554
209 2544 166545285
2299 3089 802959346
1735 2415 918326950
2546 2279 640134092
1298 1680 615998285
2698 2600 329160523
1565 2298 594426930
456 3028 174459372
2343 3181 907035650
3381 3165 678079005
2544 2549 456129088
553 2325 543302702
1043 1107 360091867
1014 2672 981247111
660 134 205028169
31 1788 455310935
1791 2443 231326911
506 1144 626703661
1732 1963 154445198
664 2033 588233093
1442 1494 7930701
2768 3281 34831959
2562 2412 869387514
632 317 44341560
2752 3592 312406041
1685 1570 253791732
352 2028 817075310
248 3341 349567273
3259 3218 43619466
1923 544 197217728
1011 1401 426031907
1206 480 969341485
3239 237 669674488
1821 3386 77396614
133 2225 896676035
3211 477 415592590
786 1816 664767479
315 1042 346103779
801 639 125186138
1781 2335 317160308
2998 1167 389275349
2830 1898 848193856
1064 1138 332209257
2170 465 513076928
595 2376 160697917
1341 1475 822316056
3381 3677 89914487
3536 2480 926859728
1341 2128 104611612
339 365 854115503
3021 141 450760659
2127 1602 648248235
3405 2948 787911705
2405 360 856915193
1779 119 292799777
1911 3154 838973172
1169 2249 266103511
245 2106 745389043
2178 186 672411260
3276 2854 81892677
481 2484 821238163
1889 1807 523464348
1922 3092 366053215
1274 710 539894198
3134 3450 11131616
1934 862 362942455
343 3119 898074075
1890 2735 106782884
324 3740 841502684
1643 1219 977445014
671 908 465598680
600 2238 582033665
1315 2747 85834060
3707 565 926802246
1852 2763 911018454
3217 3576 864876258
2524 1440 964822032
2905 1409 359318644
734 2234 343464184
1402 2302 427272320
1478 1100 274365599
1417 2994 209961671
2364 1441 445607337
1494 1405 288562897
2578 417 333191225
810 748 838702889
345 3502 40093065
301 225 928209337
1306 3192 274511291
3238 255 827239847
196 2476 144893312
2896 199 196214956
3327 3347 82083094
3110 284 550987675
1947 2164 106184054
2386 321 942065601
2364 3109 509806802
737 869 220665991
528 3626 783131365
2968 3661 782128265
1923 1617 823189212
2569 205 576721262
2643 809 431369677
4 2063 855982145
1857 1867 139387458
140 880 932620763
2068 1051 256911931
437 494 578786502
3382 1193 503670775
3207 1424 739767261
779 802 570437194
695 3372 772717594
1071 2692 938704019
1786 995 320515223
989 1886 422548547
1459 2175 704469932
286 2520 914408694
800 748 975048916
1523 3231 230925590
3396 1971 140098436
2851 3251 107083445
3011 3390 477657544
332 2249 150140924
3663 1199 72037669
405 3680 415122723
2397 1706 824972156
1242 3225 493741933
2471 2693 569684757
2975 666 945620290
638 341 136692408
2756 3497 625288247
1610 3481 73882081
2122 597 705595912
2033 1642 401271708
1083 2744 396417001
779 3121 579710516
1685 1059 757746728
783 2540 613493716
1193 3143 649606760
1452 2510 227263320
1747 786 574015775
3734 1296 148012591
2387 3241 611725834
1935 1837 193198901
2234 840 858652571
3756 1331 398982851
532 1092 941259184
1209 2239 498876210
2300 2197 294637528
134 1713 71954117
2061 376 942687836
2695 3631 265212630
3490 833 727316934
490 1006 432134838
1781 3716 237783390
808 277 322026800
3498 3699 692687323
3288 994 928957068
602 1889 525425127
2268 3674 384074882
650 1899 469092090
145 483 885291794
950 2743 955700430
2855 3587 363410953
2922 649 906364703
2361 15 399122890
2631 1562 166322976
66 391 24012510
3674 286 685767164
3113 1455 518477266
349 285 792651040
751 3327 727361598
1215 1570 259490667
3569 1102 417614882
2096 3500 145097331
3263 343 406859940
2690 527 236659673
951 970 47932258
678 3654 922936806
605 1355 677040328
271 3056 368248449
2033 3612 280588572
2412 1783 168481904
861 375 678191621
2064 132 78249215
3649 1910 717123676
1415 3036 106103455
3635 1176 525662236
603 2469 619692500
1492 1516 860797432
921 975 18513659
2616 883 58206494
1113 2925 239298251
2569 1593 582606830
204 954 224434994
1538 1375 324618782
3345 2690 806620202
2460 1674 49353412
142 3140 496262878
3339 824 187847969
1986 3054 993681577
2294 1142 426270352
2180 1002 266622712
1346 638 578361074
1000 12 415119428
945 43 176981180
3064 3586 820537455
2341 2883 344765413
2923 3583 579597836
2555 261 892088331
541 3629 244711583
3144 3598 310366308
784 2485 779991968
3036 2976 854359771
2979 514 244278973
1537 1221 70081308
3329 1421 386910124
1295 2109 246222694
2991 2381 753695049
2088 96 858079734
2190 1594 898927205
1249 3286 138552792
1496 2149 998305861
3558 1652 319654258
198 3178 373854817
2933 2043 18787654
1902 2929 656683142
975 1114 126076246
2782 56 872915875
1008 1892 546068137
2754 2516 299606438
1582 2612 613816793
3089 1072 960157013
2458 2343 329040282
1299 946 465902474
273 2797 32279519
1440 3455 287918945
2775 354 81583172
3519 1609 170949530
2211 2736 350389196
3322 2200 814047692
3447 1427 971334445
2943 1363 960539851
3434 1591 673402969
3191 1619 775052967
1573 911 828252497
3701 783 136587398
2467 345 427894448
3344 3059 484176885
3500 2304 428620118
3200 365 594289602
3304 1085 80033338
389 3589 826661384
3347 3661 890970594
2496 1521 751856870
782 872 569745009
3630 2359 278976933
1458 2030 578941734
2446 2975 338578688
2924 586 70812038
2182 216 847181655
2193 1351 272500207
934 3348 666210979
881 863 480572445
2292 646 131537406
3428 1052 400833200
1664 3007 578068658
1791 2924 558272676
3696 276 840658595
3498 1417 968566014
2092 1683 573398403
2639 2660 391276586
2712 407 935715750
1367 2760 975164677
2839 2681 80144467
915 2313 296518221
461 2432 801618917
3485 3147 157512743
194 2462 977816450
1660 2463 696181068
2632 1329 423531146
1994 2116 855005585
3507 2443 907669033
1626 2111 229178181
124 2923 4866986
2199 2260 717692658
1638 3691 700571106
3611 815 990639564
2641 2719 702528476
3643 989 770305794
812 1218 693132129
740 2522 557799621
3488 3601 873538655
3407 3574 538948459
3067 3439 290414024
2187 1674 418995068
1536 2372 125357798
556 2067 42008827
2497 1705 506333890
2802 2652 392701028
3363 3199 130942612
1784 883 283561326
2579 2887 665453324
789 773 22267276
1235 2936 222794361
810 1864 639218786
529 3654 234771322
455 2673 336700370
2142 2860 410519012
3082 962 520814827
115 137 513872852
2062 1156 164277700
665 3383 651939064
1417 3390 650721065
2568 1915 238487137
2263 1037 449231357
348 2487 150089941
850 1609 513701311
121 3236 336863295
1914 1288 293475781
839 2643 254930106
2936 509 121063998
2222 388 411357080
2197 3310 489069287
1168 1098 979290884
2033 776 209374947
1023 3056 644321425
790 2981 244777717
2168 284 603189606
1932 2515 475332291
323 79 284021050
1664 2839 279905432
233 835 704918508
1654 3421 130474047
2245 797 16465875
3627 2034 359956887
1097 1480 585582658
1599 2407 499344602
3552 2893 461487621
1258 1096 100121485
1890 3600 598485845
909 2233 738021489
59 694 161583737
1663 2818 92732751
2437 1713 200275212
3089 3118 451449023
53 3078 362238496
817 882 742144418
855 3018 772172558
2381 1501 620298241
2379 232 937760499
1840 3021 625472599
3092 2245 386436949
116 768 591356886
1547 2046 971123300
1927 1135 660298999
982 3309 581584370
1999 2802 359651254
238 3268 596471276
3429 3136 760078369
2160 1051 898490008
137 2736 791537756
2112 1393 210726413
2455 1058 172596394
1983 830 501332859
1218 3514 152202351
449 1207 812918465
1730 2102 272448796
2447 2568 675700559
3055 3007 125436957
1445 2078 310933564
1241 436 605462198
666 1396 539370889
1830 3376 605322447
1678 2728 278582363
1315 2036 749473972
1040 768 421287639
641 2808 947136249
2409 3 586945817
1469 1777 613474983
1721 496 424459669
30 3693 627419066
3569 493 550270369
135 3227 870516598
126 1612 961889866
884 44 777309994
3095 61 162488724
1833 2588 219598749
899 755 509440163
1456 1128 497746047
2244 2801 294240308
3260 2516 119243598
1010 2686 741183457
1756 3062 143095268
2432 3648 727797125
727 1085 861060920
1347 3195 995827413
1427 432 274393313
1030 3379 121870903
1556 2396 529498552
1732 1841 390503157
3583 105 744014685
104 3321 828453383
1036 505 606660985
1439 488 318657708
3640 282 896987784
2164 1824 892334925
2823 396 5362915
408 3188 592051346
27 1593 642580835
1930 2510 492975553
649 2458 312795012
1639 3702 845596618
507 399 463920316
2482 1444 562370676
2866 434 776324916
1649 1342 838984334
2026 2363 32414468
1134 712 789209717
878 1809 330179149
1637 294 508487331
103 794 728101549
2624 2368 322648114
739 2276 960151455
2152 802 972675306
663 2108 699871545
1981 2802 829240104
3253 2488 619354577
2699 1176 565308382
266 2500 210465428
1859 2757 55502499
1637 399 253598075
2022 173 462685856
172 145 596884151
1676 2227 316320694
2668 260 276915670
2190 667 393360422
3173 1909 567285369
1879 1991 895423225
1809 2446 514505117
1182 3632 314801232
129 2567 424764258
2494 37 309651977
2822 127 135249120
1406 48 60217226
161 799 931036902
2393 2076 68166233
3345 816 363556672
3657 2728 842183250
3330 2762 182878921
1188 2740 793365440
2054 1256 898458
856 3324 948043628
391 346 410902754
2087 2965 654691591
1936 3622 498770169
2432 406 817704754
43 2266 556023130
1684 2436 779890435
390 3198 115036359
939 1478 8221261
1659 125 827254089
3555 1673 843145310
2854 3692 921389750
1847 1918 624534129
197 322 44829091
2753 3164 858202459
3262 3456 938165060
1735 2644 605964588
2640 1616 16800619
1450 3551 236134069
3189 1784 676432614
2770 3445 90270909
1788 2177 491019285
2095 3102 777574601
3544 2488 865939675
2086 1630 689347781
2260 753 750253430
2493 2660 433569235
1959 226 499894501
3615 3653 952518068
1609 1908 586207996
1267 1341 136580422
1634 1772 120856260
1624 3421 798465480
20 1097 984050861
229 1526 357428931
470 67 308298280
3481 1055 331111794
707 94 719038693
2166 1218 511400336
3646 543 325837136
1494 342 581853161
773 1314 306655430
2773 3174 636889616
3129 2909 208493851
1019 3327 75480481
880 3704 257938574
3099 2733 540638956
2356 299 300144714
2211 3094 909149571
2395 3373 570263483
1864 2841 655272631
257 221 742719071
2971 1829 745386476
2936 2959 169262
1011 387 441199477
2802 582 467625816
2701 2141 526783395
1065 2446 431773675
1752 333 557277327
1162 2416 687409526
2162 1052 787753953
2916 1589 369905127
2508 2676 223336920
909 3622 258667132
3269 2416 59980454
329 2628 782435646
1593 502 372856693
104 586 80849467
3471 1688 492754863
450 1650 575167941
2852 1736 941651012
499 405 941625592
1343 3328 184019871
3273 3208 44856707
1369 994 571353597
516 2772 763599872
3655 1448 57189558
2183 3718 584815110
485 2268 962584850
2284 604 863715553
1099 1614 231796336
845 948 40558081
2619 1027 237306759
2760 2739 396820635
2120 3526 584373181
3556 1596 615924646
1195 3260 426276171
258 2519 394706809
2287 441 920389885
3326 538 132301721
2570 3368 19448095
2982 973 986382812
2030 493 233820644
342 1521 8248752
2575 383 462420311
1549 3530 994295182
3108 2016 706297474
3534 3488 347876522
3464 1608 685923237
3288 3017 147865057
1309 2293 37004395
1918 3532 182443151
3101 3025 433182416
1111 1427 729458144
1857 3023 673813146
283 2994 387684917
604 1591 692818373
1413 2483 188216339
2528 3009 367573615
3696 1965 580763205
648 1328 112489187
3510 1158 753241933
3667 2893 983592873
3443 2540 59060197
574 2826 936048428
2621 1792 991154932
2220 1088 775442743
2276 1896 93998555
3664 1437 380583257
2371 1726 698560025
2411 3025 952299248
3544 412 931335267
963 2677 301534973
1599 2668 518314225
519 1282 220394835
63 1262 921582019
298 3586 262202285
165 2954 680648329
3656 2230 570462484
1088 2347 9707088
3329 3223 148886728
3611 2603 309641616
3269 1928 330432108
738 1405 371901237
3142 1596 679237260
3339 2049 638573162
3245 3304 288917033
3271 1727 664223143
3367 1961 201981152
528 1681 932019779
1476 844 453039429
3131 2002 390572677
187 575 601640903
1613 3565 91355804
413 2084 246682112
2119 51 312353593
2441 2400 709637802
1267 1800 802372391
